,Unnamed: 0,state_x,midwest,zip,cbsa_code,city,state_y,team,msa
7645,5630,7,1,80439,19740,EVERGREEN,CO,COL,"Denver-Aurora-Lakewood, CO"
7646,5631,7,1,80247,19740,DENVER,CO,COL,"Denver-Aurora-Lakewood, CO"
7647,5632,7,1,80241,19740,THORNTON,CO,COL,"Denver-Aurora-Lakewood, CO"
7648,5633,7,2,80229,19740,DENVER,CO,COL,"Denver-Aurora-Lakewood, CO"
7649,5634,7,2,80127,19740,LITTLETON,CO,COL,"Denver-Aurora-Lakewood, CO"
7650,5635,7,2,80126,19740,LITTLETON,CO,COL,"Denver-Aurora-Lakewood, CO"
7975,5889,7,1,80033,19740,WHEAT RIDGE,CO,COL,"Denver-Aurora-Lakewood, CO"
7976,5890,7,2,80303,19740,BOULDER,CO,COL,"Denver-Aurora-Lakewood, CO"
8001,5906,7,2,80701,19740,FORT MORGAN,CO,COL,"Denver-Aurora-Lakewood, CO"
8011,5914,7,2,80212,19740,DENVER,CO,COL,"Denver-Aurora-Lakewood, CO"
8017,5920,7,2,80004,19740,ARVADA,CO,COL,"Denver-Aurora-Lakewood, CO"
8022,5924,7,1,80030,19740,WESTMINSTER,CO,COL,"Denver-Aurora-Lakewood, CO"
8025,5927,7,2,80033,19740,WHEAT RIDGE,CO,COL,"Denver-Aurora-Lakewood, CO"
8260,6127,7,2,80831,19740,PEYTON,CO,COL,"Denver-Aurora-Lakewood, CO"
8281,6142,7,2,80516,19740,ERIE,CO,COL,"Denver-Aurora-Lakewood, CO"
8285,6144,7,2,80401,19740,GOLDEN,CO,COL,"Denver-Aurora-Lakewood, CO"
8286,6145,7,2,80401,19740,GOLDEN,CO,COL,"Denver-Aurora-Lakewood, CO"
8287,6146,7,1,80247,19740,DENVER,CO,COL,"Denver-Aurora-Lakewood, CO"
8288,6147,7,2,80234,19740,DENVER,CO,COL,"Denver-Aurora-Lakewood, CO"
8289,6148,7,2,80231,19740,DENVER,CO,COL,"Denver-Aurora-Lakewood, CO"
8290,6149,7,2,80223,19740,DENVER,CO,COL,"Denver-Aurora-Lakewood, CO"
8291,6150,7,1,80222,19740,DENVER,CO,COL,"Denver-Aurora-Lakewood, CO"
8292,6151,7,2,80220,19740,DENVER,CO,COL,"Denver-Aurora-Lakewood, CO"
8293,6152,7,2,80219,19740,DENVER,CO,COL,"Denver-Aurora-Lakewood, CO"
8294,6153,7,1,80219,19740,DENVER,CO,COL,"Denver-Aurora-Lakewood, CO"
8295,6154,7,1,80215,19740,DENVER,CO,COL,"Denver-Aurora-Lakewood, CO"
8296,6155,7,2,80209,19740,DENVER,CO,COL,"Denver-Aurora-Lakewood, CO"
8297,6156,7,2,80209,19740,DENVER,CO,COL,"Denver-Aurora-Lakewood, CO"
8298,6157,7,2,80206,19740,DENVER,CO,COL,"Denver-Aurora-Lakewood, CO"
8299,6158,7,2,80206,19740,DENVER,CO,COL,"Denver-Aurora-Lakewood, CO"
8300,6159,7,1,80205,19740,DENVER,CO,COL,"Denver-Aurora-Lakewood, CO"
8301,6160,7,1,80205,19740,DENVER,CO,COL,"Denver-Aurora-Lakewood, CO"
8302,6161,7,1,80205,19740,DENVER,CO,COL,"Denver-Aurora-Lakewood, CO"
8303,6162,7,2,80205,19740,DENVER,CO,COL,"Denver-Aurora-Lakewood, CO"
8304,6163,7,1,80205,19740,DENVER,CO,COL,"Denver-Aurora-Lakewood, CO"
8305,6164,7,1,80204,19740,DENVER,CO,COL,"Denver-Aurora-Lakewood, CO"
8306,6165,7,2,80204,19740,DENVER,CO,COL,"Denver-Aurora-Lakewood, CO"
8307,6166,7,1,80125,19740,LITTLETON,CO,COL,"Denver-Aurora-Lakewood, CO"
8308,6167,7,2,80120,19740,LITTLETON,CO,COL,"Denver-Aurora-Lakewood, CO"
8309,6168,7,2,80111,19740,ENGLEWOOD,CO,COL,"Denver-Aurora-Lakewood, CO"
8310,6169,7,1,80033,19740,WHEAT RIDGE,CO,COL,"Denver-Aurora-Lakewood, CO"
8311,6170,7,1,80033,19740,WHEAT RIDGE,CO,COL,"Denver-Aurora-Lakewood, CO"
8313,6171,7,1,80023,19740,BROOMFIELD,CO,COL,"Denver-Aurora-Lakewood, CO"
8314,6172,7,2,80022,19740,COMMERCE CITY,CO,COL,"Denver-Aurora-Lakewood, CO"
8315,6173,7,2,80022,19740,COMMERCE CITY,CO,COL,"Denver-Aurora-Lakewood, CO"
8317,6174,7,1,80020,19740,BROOMFIELD,CO,COL,"Denver-Aurora-Lakewood, CO"
8318,6175,7,2,80017,19740,AURORA,CO,COL,"Denver-Aurora-Lakewood, CO"
8319,6176,7,2,80015,19740,AURORA,CO,COL,"Denver-Aurora-Lakewood, CO"
8320,6177,7,1,80013,19740,AURORA,CO,COL,"Denver-Aurora-Lakewood, CO"
8321,6178,7,1,80012,19740,AURORA,CO,COL,"Denver-Aurora-Lakewood, CO"
8322,6179,7,1,80011,19740,AURORA,CO,COL,"Denver-Aurora-Lakewood, CO"
8323,6180,7,2,80010,19740,AURORA,CO,COL,"Denver-Aurora-Lakewood, CO"
8324,6181,7,1,80010,19740,AURORA,CO,COL,"Denver-Aurora-Lakewood, CO"
8325,6182,7,2,80010,19740,AURORA,CO,COL,"Denver-Aurora-Lakewood, CO"
9210,6884,7,1,80031,19740,WESTMINSTER,CO,COL,"Denver-Aurora-Lakewood, CO"
9218,6891,7,1,80237,19740,DENVER,CO,COL,"Denver-Aurora-Lakewood, CO"
9239,6906,7,1,80247,19740,DENVER,CO,COL,"Denver-Aurora-Lakewood, CO"
9283,6935,7,1,80020,19740,BROOMFIELD,CO,COL,"Denver-Aurora-Lakewood, CO"
9284,6936,7,1,80128,19740,LITTLETON,CO,COL,"Denver-Aurora-Lakewood, CO"
9293,6943,7,2,80010,19740,AURORA,CO,COL,"Denver-Aurora-Lakewood, CO"
9294,6944,7,1,80232,19740,DENVER,CO,COL,"Denver-Aurora-Lakewood, CO"
9324,6968,7,2,80228,19740,DENVER,CO,COL,"Denver-Aurora-Lakewood, CO"
9349,6987,7,2,80110,19740,ENGLEWOOD,CO,COL,"Denver-Aurora-Lakewood, CO"
9391,7016,7,2,80214,19740,DENVER,CO,COL,"Denver-Aurora-Lakewood, CO"
9421,7037,7,2,80403,19740,GOLDEN,CO,COL,"Denver-Aurora-Lakewood, CO"
9457,7066,7,1,80202,19740,DENVER,CO,COL,"Denver-Aurora-Lakewood, CO"
9471,7075,7,1,80439,19740,EVERGREEN,CO,COL,"Denver-Aurora-Lakewood, CO"
9484,7087,7,2,80011,19740,AURORA,CO,COL,"Denver-Aurora-Lakewood, CO"
9485,7088,7,2,80260,19740,DENVER,CO,COL,"Denver-Aurora-Lakewood, CO"
9486,7089,7,1,80211,19740,DENVER,CO,COL,"Denver-Aurora-Lakewood, CO"
9493,7094,7,1,80239,19740,DENVER,CO,COL,"Denver-Aurora-Lakewood, CO"
9494,7095,7,2,80215,19740,DENVER,CO,COL,"Denver-Aurora-Lakewood, CO"
9497,7097,7,2,80247,19740,DENVER,CO,COL,"Denver-Aurora-Lakewood, CO"
9508,7106,7,2,80134,19740,PARKER,CO,COL,"Denver-Aurora-Lakewood, CO"
9511,7108,7,2,80601,19740,BRIGHTON,CO,COL,"Denver-Aurora-Lakewood, CO"
9517,7114,7,2,80228,19740,DENVER,CO,COL,"Denver-Aurora-Lakewood, CO"
9521,7116,7,1,80004,19740,ARVADA,CO,COL,"Denver-Aurora-Lakewood, CO"
9524,7119,7,2,80204,19740,DENVER,CO,COL,"Denver-Aurora-Lakewood, CO"
9529,7123,7,2,80020,19740,BROOMFIELD,CO,COL,"Denver-Aurora-Lakewood, CO"
9530,7124,7,2,80228,19740,DENVER,CO,COL,"Denver-Aurora-Lakewood, CO"
9539,7131,7,2,80206,19740,DENVER,CO,COL,"Denver-Aurora-Lakewood, CO"
9542,7134,7,2,80110,19740,ENGLEWOOD,CO,COL,"Denver-Aurora-Lakewood, CO"
9543,7135,7,2,80127,19740,LITTLETON,CO,COL,"Denver-Aurora-Lakewood, CO"
9548,7140,7,1,80123,19740,LITTLETON,CO,COL,"Denver-Aurora-Lakewood, CO"
9549,7141,7,2,80120,19740,LITTLETON,CO,COL,"Denver-Aurora-Lakewood, CO"
9550,7142,7,2,80003,19740,ARVADA,CO,COL,"Denver-Aurora-Lakewood, CO"
9551,7143,7,1,80128,19740,LITTLETON,CO,COL,"Denver-Aurora-Lakewood, CO"
9559,7150,7,2,80026,19740,LAFAYETTE,CO,COL,"Denver-Aurora-Lakewood, CO"
9564,7153,7,2,80113,19740,ENGLEWOOD,CO,COL,"Denver-Aurora-Lakewood, CO"
9565,7154,7,2,80232,19740,DENVER,CO,COL,"Denver-Aurora-Lakewood, CO"
9567,7156,7,1,80232,19740,DENVER,CO,COL,"Denver-Aurora-Lakewood, CO"
9574,7162,7,2,80212,19740,DENVER,CO,COL,"Denver-Aurora-Lakewood, CO"
9576,7163,7,1,80020,19740,BROOMFIELD,CO,COL,"Denver-Aurora-Lakewood, CO"
9577,7164,7,2,80005,19740,ARVADA,CO,COL,"Denver-Aurora-Lakewood, CO"
9583,7170,7,1,80222,19740,DENVER,CO,COL,"Denver-Aurora-Lakewood, CO"
9584,7171,7,1,80127,19740,LITTLETON,CO,COL,"Denver-Aurora-Lakewood, CO"
9586,7172,7,2,80602,19740,BRIGHTON,CO,COL,"Denver-Aurora-Lakewood, CO"
9601,7183,7,2,80033,19740,WHEAT RIDGE,CO,COL,"Denver-Aurora-Lakewood, CO"
10507,7909,7,2,80603,19740,BRIGHTON,CO,COL,"Denver-Aurora-Lakewood, CO"
10509,7910,7,1,80601,19740,BRIGHTON,CO,COL,"Denver-Aurora-Lakewood, CO"
10511,7911,7,2,80601,19740,BRIGHTON,CO,COL,"Denver-Aurora-Lakewood, CO"
10513,7912,7,2,80601,19740,BRIGHTON,CO,COL,"Denver-Aurora-Lakewood, CO"
10522,7918,7,2,80260,19740,DENVER,CO,COL,"Denver-Aurora-Lakewood, CO"
10523,7919,7,2,80249,19740,DENVER,CO,COL,"Denver-Aurora-Lakewood, CO"
10524,7920,7,1,80239,19740,DENVER,CO,COL,"Denver-Aurora-Lakewood, CO"
10525,7921,7,1,80236,19740,DENVER,CO,COL,"Denver-Aurora-Lakewood, CO"
10526,7922,7,1,80233,19740,DENVER,CO,COL,"Denver-Aurora-Lakewood, CO"
10527,7923,7,2,80228,19740,DENVER,CO,COL,"Denver-Aurora-Lakewood, CO"
10528,7924,7,1,80222,19740,DENVER,CO,COL,"Denver-Aurora-Lakewood, CO"
10529,7925,7,1,80130,19740,LITTLETON,CO,COL,"Denver-Aurora-Lakewood, CO"
10530,7926,7,1,80112,19740,ENGLEWOOD,CO,COL,"Denver-Aurora-Lakewood, CO"
10531,7927,7,2,80109,19740,CASTLE ROCK,CO,COL,"Denver-Aurora-Lakewood, CO"
10532,7928,7,1,80022,19740,COMMERCE CITY,CO,COL,"Denver-Aurora-Lakewood, CO"
10533,7929,7,1,80021,19740,BROOMFIELD,CO,COL,"Denver-Aurora-Lakewood, CO"
10534,7930,7,2,80016,19740,AURORA,CO,COL,"Denver-Aurora-Lakewood, CO"
11601,8770,7,2,80108,19740,CASTLE ROCK,CO,COL,"Denver-Aurora-Lakewood, CO"
11631,8793,7,2,80111,19740,ENGLEWOOD,CO,COL,"Denver-Aurora-Lakewood, CO"
11713,8856,7,1,80102,19740,BENNETT,CO,COL,"Denver-Aurora-Lakewood, CO"
11743,8877,7,1,80129,19740,LITTLETON,CO,COL,"Denver-Aurora-Lakewood, CO"
11778,8905,7,1,80470,19740,PINE,CO,COL,"Denver-Aurora-Lakewood, CO"
11818,8937,7,1,80138,19740,PARKER,CO,COL,"Denver-Aurora-Lakewood, CO"
11825,8943,7,2,80303,19740,BOULDER,CO,COL,"Denver-Aurora-Lakewood, CO"
11911,9005,7,1,80020,19740,BROOMFIELD,CO,COL,"Denver-Aurora-Lakewood, CO"
11930,9020,7,1,80233,19740,DENVER,CO,COL,"Denver-Aurora-Lakewood, CO"
11984,9066,7,1,80126,19740,LITTLETON,CO,COL,"Denver-Aurora-Lakewood, CO"
12058,9128,7,2,80005,19740,ARVADA,CO,COL,"Denver-Aurora-Lakewood, CO"
12070,9138,7,2,80241,19740,THORNTON,CO,COL,"Denver-Aurora-Lakewood, CO"
12107,9172,7,2,80107,19740,ELIZABETH,CO,COL,"Denver-Aurora-Lakewood, CO"
12116,9179,7,1,80123,19740,LITTLETON,CO,COL,"Denver-Aurora-Lakewood, CO"
12126,9187,7,2,80013,19740,AURORA,CO,COL,"Denver-Aurora-Lakewood, CO"
12129,9190,7,2,80207,19740,DENVER,CO,COL,"Denver-Aurora-Lakewood, CO"
12136,9197,7,2,80004,19740,ARVADA,CO,COL,"Denver-Aurora-Lakewood, CO"
12141,9202,7,2,80031,19740,WESTMINSTER,CO,COL,"Denver-Aurora-Lakewood, CO"
12143,9204,7,1,80110,19740,ENGLEWOOD,CO,COL,"Denver-Aurora-Lakewood, CO"
12144,9205,7,2,80236,19740,DENVER,CO,COL,"Denver-Aurora-Lakewood, CO"
12148,9209,7,2,80232,19740,DENVER,CO,COL,"Denver-Aurora-Lakewood, CO"
12160,9218,7,2,80601,19740,BRIGHTON,CO,COL,"Denver-Aurora-Lakewood, CO"
12165,9222,7,1,80401,19740,GOLDEN,CO,COL,"Denver-Aurora-Lakewood, CO"
12176,9228,7,2,80401,19740,GOLDEN,CO,COL,"Denver-Aurora-Lakewood, CO"
12180,9232,7,2,80224,19740,DENVER,CO,COL,"Denver-Aurora-Lakewood, CO"
12182,9233,7,2,80602,19740,BRIGHTON,CO,COL,"Denver-Aurora-Lakewood, CO"
12188,9237,7,1,80118,19740,LARKSPUR,CO,COL,"Denver-Aurora-Lakewood, CO"
12193,9240,7,2,80026,19740,LAFAYETTE,CO,COL,"Denver-Aurora-Lakewood, CO"
12197,9243,7,2,80219,19740,DENVER,CO,COL,"Denver-Aurora-Lakewood, CO"
12198,9244,7,1,80127,19740,LITTLETON,CO,COL,"Denver-Aurora-Lakewood, CO"
12214,9259,7,1,80020,19740,BROOMFIELD,CO,COL,"Denver-Aurora-Lakewood, CO"
12223,9266,7,1,80236,19740,DENVER,CO,COL,"Denver-Aurora-Lakewood, CO"
12225,9268,7,1,80122,19740,LITTLETON,CO,COL,"Denver-Aurora-Lakewood, CO"
12233,9275,7,1,80603,19740,BRIGHTON,CO,COL,"Denver-Aurora-Lakewood, CO"
12234,9276,7,1,80128,19740,LITTLETON,CO,COL,"Denver-Aurora-Lakewood, CO"
12235,9277,7,2,80210,19740,DENVER,CO,COL,"Denver-Aurora-Lakewood, CO"
12248,9288,7,2,80820,19740,GUFFEY,CO,COL,"Denver-Aurora-Lakewood, CO"
12258,9297,7,2,80425,19740,BUFFALO CREEK,CO,COL,"Denver-Aurora-Lakewood, CO"
13128,9986,7,2,80601,19740,BRIGHTON,CO,COL,"Denver-Aurora-Lakewood, CO"
13136,9992,7,2,80433,19740,CONIFER,CO,COL,"Denver-Aurora-Lakewood, CO"
13137,9993,7,2,80421,19740,BAILEY,CO,COL,"Denver-Aurora-Lakewood, CO"
13139,9995,7,1,80260,19740,DENVER,CO,COL,"Denver-Aurora-Lakewood, CO"
13140,9996,7,1,80229,19740,DENVER,CO,COL,"Denver-Aurora-Lakewood, CO"
13141,9997,7,1,80229,19740,DENVER,CO,COL,"Denver-Aurora-Lakewood, CO"
13142,9998,7,1,80228,19740,DENVER,CO,COL,"Denver-Aurora-Lakewood, CO"
13143,9999,7,1,80226,19740,DENVER,CO,COL,"Denver-Aurora-Lakewood, CO"
13144,10000,7,2,80223,19740,DENVER,CO,COL,"Denver-Aurora-Lakewood, CO"
13145,10001,7,1,80223,19740,DENVER,CO,COL,"Denver-Aurora-Lakewood, CO"
13146,10002,7,2,80222,19740,DENVER,CO,COL,"Denver-Aurora-Lakewood, CO"
13147,10003,7,2,80221,19740,DENVER,CO,COL,"Denver-Aurora-Lakewood, CO"
13148,10004,7,2,80220,19740,DENVER,CO,COL,"Denver-Aurora-Lakewood, CO"
13149,10005,7,2,80220,19740,DENVER,CO,COL,"Denver-Aurora-Lakewood, CO"
13150,10006,7,2,80219,19740,DENVER,CO,COL,"Denver-Aurora-Lakewood, CO"
13151,10007,7,2,80218,19740,DENVER,CO,COL,"Denver-Aurora-Lakewood, CO"
13152,10008,7,2,80215,19740,DENVER,CO,COL,"Denver-Aurora-Lakewood, CO"
13153,10009,7,1,80206,19740,DENVER,CO,COL,"Denver-Aurora-Lakewood, CO"
13154,10010,7,1,80134,19740,PARKER,CO,COL,"Denver-Aurora-Lakewood, CO"
13155,10011,7,2,80134,19740,PARKER,CO,COL,"Denver-Aurora-Lakewood, CO"
13156,10012,7,2,80134,19740,PARKER,CO,COL,"Denver-Aurora-Lakewood, CO"
13157,10013,7,1,80130,19740,LITTLETON,CO,COL,"Denver-Aurora-Lakewood, CO"
13158,10014,7,2,80128,19740,LITTLETON,CO,COL,"Denver-Aurora-Lakewood, CO"
13159,10015,7,2,80127,19740,LITTLETON,CO,COL,"Denver-Aurora-Lakewood, CO"
13160,10016,7,1,80126,19740,LITTLETON,CO,COL,"Denver-Aurora-Lakewood, CO"
13161,10017,7,1,80124,19740,LONE TREE,CO,COL,"Denver-Aurora-Lakewood, CO"
13162,10018,7,2,80124,19740,LONE TREE,CO,COL,"Denver-Aurora-Lakewood, CO"
13163,10019,7,2,80120,19740,LITTLETON,CO,COL,"Denver-Aurora-Lakewood, CO"
13164,10020,7,2,80113,19740,ENGLEWOOD,CO,COL,"Denver-Aurora-Lakewood, CO"
13165,10021,7,1,80112,19740,ENGLEWOOD,CO,COL,"Denver-Aurora-Lakewood, CO"
13166,10022,7,1,80110,19740,ENGLEWOOD,CO,COL,"Denver-Aurora-Lakewood, CO"
13167,10023,7,1,80104,19740,CASTLE ROCK,CO,COL,"Denver-Aurora-Lakewood, CO"
13168,10024,7,2,80033,19740,WHEAT RIDGE,CO,COL,"Denver-Aurora-Lakewood, CO"
13169,10025,7,1,80021,19740,BROOMFIELD,CO,COL,"Denver-Aurora-Lakewood, CO"
13171,10026,7,2,80020,19740,BROOMFIELD,CO,COL,"Denver-Aurora-Lakewood, CO"
13172,10027,7,1,80018,19740,AURORA,CO,COL,"Denver-Aurora-Lakewood, CO"
13173,10028,7,1,80014,19740,AURORA,CO,COL,"Denver-Aurora-Lakewood, CO"
13174,10029,7,1,80013,19740,AURORA,CO,COL,"Denver-Aurora-Lakewood, CO"
13175,10030,7,2,80002,19740,ARVADA,CO,COL,"Denver-Aurora-Lakewood, CO"
13852,10568,7,2,80207,19740,DENVER,CO,COL,"Denver-Aurora-Lakewood, CO"
13890,10598,7,2,80206,19740,DENVER,CO,COL,"Denver-Aurora-Lakewood, CO"
13899,10606,7,1,80231,19740,DENVER,CO,COL,"Denver-Aurora-Lakewood, CO"
13902,10608,7,2,80120,19740,LITTLETON,CO,COL,"Denver-Aurora-Lakewood, CO"
13904,10609,7,2,80602,19740,BRIGHTON,CO,COL,"Denver-Aurora-Lakewood, CO"
13906,10611,7,1,80134,19740,PARKER,CO,COL,"Denver-Aurora-Lakewood, CO"
13912,10615,7,2,80033,19740,WHEAT RIDGE,CO,COL,"Denver-Aurora-Lakewood, CO"
13923,10623,7,2,80439,19740,EVERGREEN,CO,COL,"Denver-Aurora-Lakewood, CO"
13983,10666,7,2,80112,19740,ENGLEWOOD,CO,COL,"Denver-Aurora-Lakewood, CO"
13993,10673,7,2,80403,19740,GOLDEN,CO,COL,"Denver-Aurora-Lakewood, CO"
14019,10696,7,1,80013,19740,AURORA,CO,COL,"Denver-Aurora-Lakewood, CO"
14033,10706,7,1,80120,19740,LITTLETON,CO,COL,"Denver-Aurora-Lakewood, CO"
14038,10710,7,2,80831,19740,PEYTON,CO,COL,"Denver-Aurora-Lakewood, CO"
14064,10730,7,2,80022,19740,COMMERCE CITY,CO,COL,"Denver-Aurora-Lakewood, CO"
14069,10735,7,2,80212,19740,DENVER,CO,COL,"Denver-Aurora-Lakewood, CO"
14074,10739,7,2,80031,19740,WESTMINSTER,CO,COL,"Denver-Aurora-Lakewood, CO"
14079,10743,7,2,80226,19740,DENVER,CO,COL,"Denver-Aurora-Lakewood, CO"
14085,10747,7,2,80516,19740,ERIE,CO,COL,"Denver-Aurora-Lakewood, CO"
14090,10751,7,1,80013,19740,AURORA,CO,COL,"Denver-Aurora-Lakewood, CO"
14095,10756,7,1,80031,19740,WESTMINSTER,CO,COL,"Denver-Aurora-Lakewood, CO"
14100,10760,7,1,80015,19740,AURORA,CO,COL,"Denver-Aurora-Lakewood, CO"
14101,10761,7,1,80465,19740,MORRISON,CO,COL,"Denver-Aurora-Lakewood, CO"
14116,10772,7,2,80226,19740,DENVER,CO,COL,"Denver-Aurora-Lakewood, CO"
14120,10775,7,2,80004,19740,ARVADA,CO,COL,"Denver-Aurora-Lakewood, CO"
14121,10776,7,2,80247,19740,DENVER,CO,COL,"Denver-Aurora-Lakewood, CO"
14126,10780,7,1,80219,19740,DENVER,CO,COL,"Denver-Aurora-Lakewood, CO"
14128,10782,7,2,80219,19740,DENVER,CO,COL,"Denver-Aurora-Lakewood, CO"
14137,10790,7,1,80642,19740,HUDSON,CO,COL,"Denver-Aurora-Lakewood, CO"
14140,10793,7,2,80027,19740,LOUISVILLE,CO,COL,"Denver-Aurora-Lakewood, CO"
14147,10797,7,2,80012,19740,AURORA,CO,COL,"Denver-Aurora-Lakewood, CO"
14151,10801,7,2,80219,19740,DENVER,CO,COL,"Denver-Aurora-Lakewood, CO"
14152,10802,7,2,80209,19740,DENVER,CO,COL,"Denver-Aurora-Lakewood, CO"
14153,10803,7,2,80014,19740,AURORA,CO,COL,"Denver-Aurora-Lakewood, CO"
14173,10819,7,1,80020,19740,BROOMFIELD,CO,COL,"Denver-Aurora-Lakewood, CO"
14174,10820,7,2,80211,19740,DENVER,CO,COL,"Denver-Aurora-Lakewood, CO"
14176,10822,7,2,80015,19740,AURORA,CO,COL,"Denver-Aurora-Lakewood, CO"
14177,10823,7,2,80234,19740,DENVER,CO,COL,"Denver-Aurora-Lakewood, CO"
14178,10824,7,2,80033,19740,WHEAT RIDGE,CO,COL,"Denver-Aurora-Lakewood, CO"
14180,10825,7,1,80602,19740,BRIGHTON,CO,COL,"Denver-Aurora-Lakewood, CO"
14185,10829,7,2,80130,19740,LITTLETON,CO,COL,"Denver-Aurora-Lakewood, CO"
14186,10830,7,1,80004,19740,ARVADA,CO,COL,"Denver-Aurora-Lakewood, CO"
14189,10832,7,2,80403,19740,GOLDEN,CO,COL,"Denver-Aurora-Lakewood, CO"
14190,10833,7,2,80012,19740,AURORA,CO,COL,"Denver-Aurora-Lakewood, CO"
14194,10837,7,2,80127,19740,LITTLETON,CO,COL,"Denver-Aurora-Lakewood, CO"
14197,10839,7,1,80831,19740,PEYTON,CO,COL,"Denver-Aurora-Lakewood, CO"
14206,10845,7,2,80654,19740,WIGGINS,CO,COL,"Denver-Aurora-Lakewood, CO"
14209,10847,7,1,80231,19740,DENVER,CO,COL,"Denver-Aurora-Lakewood, CO"
14210,10848,7,1,80219,19740,DENVER,CO,COL,"Denver-Aurora-Lakewood, CO"
14211,10849,7,1,80420,19740,ALMA,CO,COL,"Denver-Aurora-Lakewood, CO"
14216,10854,7,2,80401,19740,GOLDEN,CO,COL,"Denver-Aurora-Lakewood, CO"
14217,10855,7,2,80013,19740,AURORA,CO,COL,"Denver-Aurora-Lakewood, CO"
14234,10869,7,2,80220,19740,DENVER,CO,COL,"Denver-Aurora-Lakewood, CO"
14236,10871,7,2,80221,19740,DENVER,CO,COL,"Denver-Aurora-Lakewood, CO"
14237,10872,7,1,80012,19740,AURORA,CO,COL,"Denver-Aurora-Lakewood, CO"
14240,10875,7,2,80120,19740,LITTLETON,CO,COL,"Denver-Aurora-Lakewood, CO"
14247,10880,7,1,80260,19740,DENVER,CO,COL,"Denver-Aurora-Lakewood, CO"
19688,6259,1,2,80033,19740,WHEAT RIDGE,CO,COL,"Denver-Aurora-Lakewood, CO"
19694,6265,1,1,80107,19740,ELIZABETH,CO,COL,"Denver-Aurora-Lakewood, CO"
19695,6266,1,2,80013,19740,AURORA,CO,COL,"Denver-Aurora-Lakewood, CO"
19696,6267,1,2,80013,19740,AURORA,CO,COL,"Denver-Aurora-Lakewood, CO"
19702,6272,1,1,80017,19740,AURORA,CO,COL,"Denver-Aurora-Lakewood, CO"
19704,6274,1,1,80012,19740,AURORA,CO,COL,"Denver-Aurora-Lakewood, CO"
19707,6276,1,2,80112,19740,ENGLEWOOD,CO,COL,"Denver-Aurora-Lakewood, CO"
19709,6277,1,1,80601,19740,BRIGHTON,CO,COL,"Denver-Aurora-Lakewood, CO"
19711,6279,1,2,80112,19740,ENGLEWOOD,CO,COL,"Denver-Aurora-Lakewood, CO"
19712,6280,1,1,80111,19740,ENGLEWOOD,CO,COL,"Denver-Aurora-Lakewood, CO"
19714,6282,1,1,80138,19740,PARKER,CO,COL,"Denver-Aurora-Lakewood, CO"
19717,6285,1,2,80021,19740,BROOMFIELD,CO,COL,"Denver-Aurora-Lakewood, CO"
19726,6292,1,2,80013,19740,AURORA,CO,COL,"Denver-Aurora-Lakewood, CO"
19729,6294,1,2,80042,19740,AURORA,CO,COL,"Denver-Aurora-Lakewood, CO"
19733,6297,1,1,80020,19740,BROOMFIELD,CO,COL,"Denver-Aurora-Lakewood, CO"
19735,6299,1,2,80220,19740,DENVER,CO,COL,"Denver-Aurora-Lakewood, CO"
19737,6300,1,1,80466,19740,NEDERLAND,CO,COL,"Denver-Aurora-Lakewood, CO"
19738,6301,1,2,80205,19740,DENVER,CO,COL,"Denver-Aurora-Lakewood, CO"
19739,6302,1,2,80110,19740,ENGLEWOOD,CO,COL,"Denver-Aurora-Lakewood, CO"
19740,6303,1,2,80219,19740,DENVER,CO,COL,"Denver-Aurora-Lakewood, CO"
19741,6304,1,2,80401,19740,GOLDEN,CO,COL,"Denver-Aurora-Lakewood, CO"
19742,6305,1,2,80249,19740,DENVER,CO,COL,"Denver-Aurora-Lakewood, CO"
19745,6307,1,2,80122,19740,LITTLETON,CO,COL,"Denver-Aurora-Lakewood, CO"
19746,6308,1,2,80439,19740,EVERGREEN,CO,COL,"Denver-Aurora-Lakewood, CO"
19749,6310,1,2,80004,19740,ARVADA,CO,COL,"Denver-Aurora-Lakewood, CO"
19750,6311,1,1,80134,19740,PARKER,CO,COL,"Denver-Aurora-Lakewood, CO"
19752,6313,1,1,80138,19740,PARKER,CO,COL,"Denver-Aurora-Lakewood, CO"
19753,6314,1,2,80004,19740,ARVADA,CO,COL,"Denver-Aurora-Lakewood, CO"
19755,6316,1,1,80221,19740,DENVER,CO,COL,"Denver-Aurora-Lakewood, CO"
19756,6317,1,1,80221,19740,DENVER,CO,COL,"Denver-Aurora-Lakewood, CO"
19758,6319,1,2,80211,19740,DENVER,CO,COL,"Denver-Aurora-Lakewood, CO"
19764,6323,1,1,80260,19740,DENVER,CO,COL,"Denver-Aurora-Lakewood, CO"
19766,6325,1,2,80214,19740,DENVER,CO,COL,"Denver-Aurora-Lakewood, CO"
19771,6329,1,1,80260,19740,DENVER,CO,COL,"Denver-Aurora-Lakewood, CO"
19772,6330,1,2,80238,19740,DENVER,CO,COL,"Denver-Aurora-Lakewood, CO"
19774,6332,1,1,80204,19740,DENVER,CO,COL,"Denver-Aurora-Lakewood, CO"
19781,6338,1,1,80010,19740,AURORA,CO,COL,"Denver-Aurora-Lakewood, CO"
19783,6340,1,2,80227,19740,DENVER,CO,COL,"Denver-Aurora-Lakewood, CO"
19784,6341,1,1,80209,19740,DENVER,CO,COL,"Denver-Aurora-Lakewood, CO"
19786,6343,1,1,80010,19740,AURORA,CO,COL,"Denver-Aurora-Lakewood, CO"
19791,6348,1,2,80215,19740,DENVER,CO,COL,"Denver-Aurora-Lakewood, CO"
19794,6351,1,1,80233,19740,DENVER,CO,COL,"Denver-Aurora-Lakewood, CO"
19796,6353,1,2,80022,19740,COMMERCE CITY,CO,COL,"Denver-Aurora-Lakewood, CO"
19798,6355,1,1,80010,19740,AURORA,CO,COL,"Denver-Aurora-Lakewood, CO"
19804,6361,1,2,80828,19740,LIMON,CO,COL,"Denver-Aurora-Lakewood, CO"
19809,6363,1,2,80128,19740,LITTLETON,CO,COL,"Denver-Aurora-Lakewood, CO"
19815,6368,1,1,80110,19740,ENGLEWOOD,CO,COL,"Denver-Aurora-Lakewood, CO"
19816,6369,1,2,80134,19740,PARKER,CO,COL,"Denver-Aurora-Lakewood, CO"
19818,6371,1,2,80031,19740,WESTMINSTER,CO,COL,"Denver-Aurora-Lakewood, CO"
19822,6374,1,2,80216,19740,DENVER,CO,COL,"Denver-Aurora-Lakewood, CO"
19826,6378,1,1,80012,19740,AURORA,CO,COL,"Denver-Aurora-Lakewood, CO"
19828,6380,1,2,80013,19740,AURORA,CO,COL,"Denver-Aurora-Lakewood, CO"
19832,6383,1,2,80239,19740,DENVER,CO,COL,"Denver-Aurora-Lakewood, CO"
19847,6394,1,2,80601,19740,BRIGHTON,CO,COL,"Denver-Aurora-Lakewood, CO"
19848,6395,1,1,80022,19740,COMMERCE CITY,CO,COL,"Denver-Aurora-Lakewood, CO"
19849,6396,1,1,80210,19740,DENVER,CO,COL,"Denver-Aurora-Lakewood, CO"
19855,6401,1,2,80205,19740,DENVER,CO,COL,"Denver-Aurora-Lakewood, CO"
19858,6404,1,2,80204,19740,DENVER,CO,COL,"Denver-Aurora-Lakewood, CO"
19859,6405,1,1,80227,19740,DENVER,CO,COL,"Denver-Aurora-Lakewood, CO"
19860,6406,1,2,80249,19740,DENVER,CO,COL,"Denver-Aurora-Lakewood, CO"
19861,6407,1,2,80013,19740,AURORA,CO,COL,"Denver-Aurora-Lakewood, CO"
19862,6408,1,2,80021,19740,BROOMFIELD,CO,COL,"Denver-Aurora-Lakewood, CO"
19864,6410,1,1,80016,19740,AURORA,CO,COL,"Denver-Aurora-Lakewood, CO"
19865,6411,1,2,80216,19740,DENVER,CO,COL,"Denver-Aurora-Lakewood, CO"
19875,6418,1,2,80239,19740,DENVER,CO,COL,"Denver-Aurora-Lakewood, CO"
19878,6419,1,2,80654,19740,WIGGINS,CO,COL,"Denver-Aurora-Lakewood, CO"
19879,6420,1,1,80124,19740,LONE TREE,CO,COL,"Denver-Aurora-Lakewood, CO"
19881,6422,1,2,80112,19740,ENGLEWOOD,CO,COL,"Denver-Aurora-Lakewood, CO"
19885,6425,1,2,80223,19740,DENVER,CO,COL,"Denver-Aurora-Lakewood, CO"
19886,6426,1,1,80241,19740,THORNTON,CO,COL,"Denver-Aurora-Lakewood, CO"
19887,6427,1,1,80701,19740,FORT MORGAN,CO,COL,"Denver-Aurora-Lakewood, CO"
19889,6428,1,1,80126,19740,LITTLETON,CO,COL,"Denver-Aurora-Lakewood, CO"
19892,6430,1,2,80013,19740,AURORA,CO,COL,"Denver-Aurora-Lakewood, CO"
19897,6434,1,2,80219,19740,DENVER,CO,COL,"Denver-Aurora-Lakewood, CO"
19902,6438,1,1,80229,19740,DENVER,CO,COL,"Denver-Aurora-Lakewood, CO"
19903,6439,1,2,80239,19740,DENVER,CO,COL,"Denver-Aurora-Lakewood, CO"
19904,6440,1,1,80201,19740,DENVER,CO,COL,"Denver-Aurora-Lakewood, CO"
19910,6443,1,1,80403,19740,GOLDEN,CO,COL,"Denver-Aurora-Lakewood, CO"
19911,6444,1,2,80013,19740,AURORA,CO,COL,"Denver-Aurora-Lakewood, CO"
19912,6445,1,2,80013,19740,AURORA,CO,COL,"Denver-Aurora-Lakewood, CO"
19913,6446,1,2,80013,19740,AURORA,CO,COL,"Denver-Aurora-Lakewood, CO"
19914,6447,1,2,80013,19740,AURORA,CO,COL,"Denver-Aurora-Lakewood, CO"
19915,6448,1,2,80013,19740,AURORA,CO,COL,"Denver-Aurora-Lakewood, CO"
19916,6449,1,2,80013,19740,AURORA,CO,COL,"Denver-Aurora-Lakewood, CO"
19917,6450,1,2,80013,19740,AURORA,CO,COL,"Denver-Aurora-Lakewood, CO"
19918,6451,1,2,80013,19740,AURORA,CO,COL,"Denver-Aurora-Lakewood, CO"
19919,6452,1,2,80013,19740,AURORA,CO,COL,"Denver-Aurora-Lakewood, CO"
19920,6453,1,2,80013,19740,AURORA,CO,COL,"Denver-Aurora-Lakewood, CO"
19921,6454,1,2,80013,19740,AURORA,CO,COL,"Denver-Aurora-Lakewood, CO"
19922,6455,1,2,80013,19740,AURORA,CO,COL,"Denver-Aurora-Lakewood, CO"
19923,6456,1,2,80013,19740,AURORA,CO,COL,"Denver-Aurora-Lakewood, CO"
19924,6457,1,2,80013,19740,AURORA,CO,COL,"Denver-Aurora-Lakewood, CO"
19925,6458,1,2,80013,19740,AURORA,CO,COL,"Denver-Aurora-Lakewood, CO"
19926,6459,1,2,80013,19740,AURORA,CO,COL,"Denver-Aurora-Lakewood, CO"
19927,6460,1,2,80013,19740,AURORA,CO,COL,"Denver-Aurora-Lakewood, CO"
19928,6461,1,2,80013,19740,AURORA,CO,COL,"Denver-Aurora-Lakewood, CO"
19932,6464,1,2,80235,19740,DENVER,CO,COL,"Denver-Aurora-Lakewood, CO"
19933,6465,1,2,80123,19740,LITTLETON,CO,COL,"Denver-Aurora-Lakewood, CO"
19940,6471,1,2,80220,19740,DENVER,CO,COL,"Denver-Aurora-Lakewood, CO"
19946,6474,1,2,80020,19740,BROOMFIELD,CO,COL,"Denver-Aurora-Lakewood, CO"
19947,6475,1,1,80233,19740,DENVER,CO,COL,"Denver-Aurora-Lakewood, CO"
19951,6478,1,2,80214,19740,DENVER,CO,COL,"Denver-Aurora-Lakewood, CO"
19953,6480,1,2,80126,19740,LITTLETON,CO,COL,"Denver-Aurora-Lakewood, CO"
19957,6484,1,2,80226,19740,DENVER,CO,COL,"Denver-Aurora-Lakewood, CO"
19959,6485,1,1,80601,19740,BRIGHTON,CO,COL,"Denver-Aurora-Lakewood, CO"
19963,6488,1,1,80216,19740,DENVER,CO,COL,"Denver-Aurora-Lakewood, CO"
19964,6489,1,2,80124,19740,LONE TREE,CO,COL,"Denver-Aurora-Lakewood, CO"
19967,6492,1,2,80015,19740,AURORA,CO,COL,"Denver-Aurora-Lakewood, CO"
19968,6493,1,1,80017,19740,AURORA,CO,COL,"Denver-Aurora-Lakewood, CO"
19973,6497,1,2,80863,19740,WOODLAND PARK,CO,COL,"Denver-Aurora-Lakewood, CO"
19975,6499,1,1,80211,19740,DENVER,CO,COL,"Denver-Aurora-Lakewood, CO"
19976,6500,1,2,80401,19740,GOLDEN,CO,COL,"Denver-Aurora-Lakewood, CO"
19977,6501,1,1,80201,19740,DENVER,CO,COL,"Denver-Aurora-Lakewood, CO"
19980,6504,1,2,80017,19740,AURORA,CO,COL,"Denver-Aurora-Lakewood, CO"
19981,6505,1,1,80002,19740,ARVADA,CO,COL,"Denver-Aurora-Lakewood, CO"
19982,6506,1,2,80239,19740,DENVER,CO,COL,"Denver-Aurora-Lakewood, CO"
19983,6507,1,2,80239,19740,DENVER,CO,COL,"Denver-Aurora-Lakewood, CO"
19989,6511,1,1,80229,19740,DENVER,CO,COL,"Denver-Aurora-Lakewood, CO"
19990,6512,1,1,80120,19740,LITTLETON,CO,COL,"Denver-Aurora-Lakewood, CO"
19993,6514,1,2,80226,19740,DENVER,CO,COL,"Denver-Aurora-Lakewood, CO"
19994,6515,1,2,80017,19740,AURORA,CO,COL,"Denver-Aurora-Lakewood, CO"
19998,6518,1,1,80233,19740,DENVER,CO,COL,"Denver-Aurora-Lakewood, CO"
20001,6521,1,1,80123,19740,LITTLETON,CO,COL,"Denver-Aurora-Lakewood, CO"
20002,6522,1,2,80233,19740,DENVER,CO,COL,"Denver-Aurora-Lakewood, CO"
20004,6523,1,1,80020,19740,BROOMFIELD,CO,COL,"Denver-Aurora-Lakewood, CO"
20006,6524,1,1,80603,19740,BRIGHTON,CO,COL,"Denver-Aurora-Lakewood, CO"
20008,6526,1,1,80012,19740,AURORA,CO,COL,"Denver-Aurora-Lakewood, CO"
20009,6527,1,2,80013,19740,AURORA,CO,COL,"Denver-Aurora-Lakewood, CO"
20010,6528,1,2,80134,19740,PARKER,CO,COL,"Denver-Aurora-Lakewood, CO"
20011,6529,1,2,80136,19740,STRASBURG,CO,COL,"Denver-Aurora-Lakewood, CO"
20013,6531,1,1,80003,19740,ARVADA,CO,COL,"Denver-Aurora-Lakewood, CO"
20014,6532,1,2,80111,19740,ENGLEWOOD,CO,COL,"Denver-Aurora-Lakewood, CO"
20015,6533,1,1,80130,19740,LITTLETON,CO,COL,"Denver-Aurora-Lakewood, CO"
20016,6534,1,2,80033,19740,WHEAT RIDGE,CO,COL,"Denver-Aurora-Lakewood, CO"
20023,6540,1,2,80470,19740,PINE,CO,COL,"Denver-Aurora-Lakewood, CO"
20024,6541,1,2,80033,19740,WHEAT RIDGE,CO,COL,"Denver-Aurora-Lakewood, CO"
20025,6542,1,2,80828,19740,LIMON,CO,COL,"Denver-Aurora-Lakewood, CO"
20034,6549,1,1,80215,19740,DENVER,CO,COL,"Denver-Aurora-Lakewood, CO"
20036,6551,1,1,80015,19740,AURORA,CO,COL,"Denver-Aurora-Lakewood, CO"
20037,6552,1,1,80222,19740,DENVER,CO,COL,"Denver-Aurora-Lakewood, CO"
20039,6554,1,2,80015,19740,AURORA,CO,COL,"Denver-Aurora-Lakewood, CO"
20042,6556,1,1,80241,19740,THORNTON,CO,COL,"Denver-Aurora-Lakewood, CO"
20043,6557,1,2,80214,19740,DENVER,CO,COL,"Denver-Aurora-Lakewood, CO"
20044,6558,1,2,80123,19740,LITTLETON,CO,COL,"Denver-Aurora-Lakewood, CO"
20046,6559,1,2,80602,19740,BRIGHTON,CO,COL,"Denver-Aurora-Lakewood, CO"
20049,6560,1,2,80654,19740,WIGGINS,CO,COL,"Denver-Aurora-Lakewood, CO"
20050,6561,1,2,80234,19740,DENVER,CO,COL,"Denver-Aurora-Lakewood, CO"
20051,6562,1,2,80239,19740,DENVER,CO,COL,"Denver-Aurora-Lakewood, CO"
20055,6564,1,1,80223,19740,DENVER,CO,COL,"Denver-Aurora-Lakewood, CO"
20057,6566,1,1,80234,19740,DENVER,CO,COL,"Denver-Aurora-Lakewood, CO"
20058,6567,1,1,80215,19740,DENVER,CO,COL,"Denver-Aurora-Lakewood, CO"
20060,6568,1,1,80020,19740,BROOMFIELD,CO,COL,"Denver-Aurora-Lakewood, CO"
20061,6569,1,1,80235,19740,DENVER,CO,COL,"Denver-Aurora-Lakewood, CO"
20062,6570,1,2,80125,19740,LITTLETON,CO,COL,"Denver-Aurora-Lakewood, CO"
20063,6571,1,1,80018,19740,AURORA,CO,COL,"Denver-Aurora-Lakewood, CO"
20064,6572,1,2,80138,19740,PARKER,CO,COL,"Denver-Aurora-Lakewood, CO"
20067,6574,1,1,80831,19740,PEYTON,CO,COL,"Denver-Aurora-Lakewood, CO"
20073,6578,1,2,80017,19740,AURORA,CO,COL,"Denver-Aurora-Lakewood, CO"
20075,6580,1,1,80210,19740,DENVER,CO,COL,"Denver-Aurora-Lakewood, CO"
20086,6589,1,1,80401,19740,GOLDEN,CO,COL,"Denver-Aurora-Lakewood, CO"
20088,6591,1,1,80102,19740,BENNETT,CO,COL,"Denver-Aurora-Lakewood, CO"
20093,6594,1,2,80701,19740,FORT MORGAN,CO,COL,"Denver-Aurora-Lakewood, CO"
20095,6595,1,1,80004,19740,ARVADA,CO,COL,"Denver-Aurora-Lakewood, CO"
20101,6599,1,2,80120,19740,LITTLETON,CO,COL,"Denver-Aurora-Lakewood, CO"
20103,6601,1,1,80033,19740,WHEAT RIDGE,CO,COL,"Denver-Aurora-Lakewood, CO"
20105,6603,1,2,80121,19740,LITTLETON,CO,COL,"Denver-Aurora-Lakewood, CO"
20106,6604,1,2,80011,19740,AURORA,CO,COL,"Denver-Aurora-Lakewood, CO"
20107,6605,1,1,80219,19740,DENVER,CO,COL,"Denver-Aurora-Lakewood, CO"
20109,6607,1,2,80130,19740,LITTLETON,CO,COL,"Denver-Aurora-Lakewood, CO"
20112,6610,1,2,80827,19740,LAKE GEORGE,CO,COL,"Denver-Aurora-Lakewood, CO"
20115,6612,1,2,80030,19740,WESTMINSTER,CO,COL,"Denver-Aurora-Lakewood, CO"
20116,6613,1,2,80206,19740,DENVER,CO,COL,"Denver-Aurora-Lakewood, CO"
20117,6614,1,1,80216,19740,DENVER,CO,COL,"Denver-Aurora-Lakewood, CO"
20122,6618,1,2,80126,19740,LITTLETON,CO,COL,"Denver-Aurora-Lakewood, CO"
20124,6620,1,2,80228,19740,DENVER,CO,COL,"Denver-Aurora-Lakewood, CO"
20127,6623,1,1,80138,19740,PARKER,CO,COL,"Denver-Aurora-Lakewood, CO"
20132,6627,1,2,80211,19740,DENVER,CO,COL,"Denver-Aurora-Lakewood, CO"
20134,6628,1,1,80020,19740,BROOMFIELD,CO,COL,"Denver-Aurora-Lakewood, CO"
20137,6631,1,1,80207,19740,DENVER,CO,COL,"Denver-Aurora-Lakewood, CO"
20138,6632,1,1,80110,19740,ENGLEWOOD,CO,COL,"Denver-Aurora-Lakewood, CO"
20139,6633,1,2,80211,19740,DENVER,CO,COL,"Denver-Aurora-Lakewood, CO"
20141,6635,1,1,80004,19740,ARVADA,CO,COL,"Denver-Aurora-Lakewood, CO"
20145,6639,1,2,80112,19740,ENGLEWOOD,CO,COL,"Denver-Aurora-Lakewood, CO"
20146,6640,1,2,80235,19740,DENVER,CO,COL,"Denver-Aurora-Lakewood, CO"
20147,6641,1,1,80223,19740,DENVER,CO,COL,"Denver-Aurora-Lakewood, CO"
20149,6642,1,1,80026,19740,LAFAYETTE,CO,COL,"Denver-Aurora-Lakewood, CO"
20151,6644,1,2,80012,19740,AURORA,CO,COL,"Denver-Aurora-Lakewood, CO"
20155,6647,1,2,80103,19740,BYERS,CO,COL,"Denver-Aurora-Lakewood, CO"
20156,6648,1,2,80018,19740,AURORA,CO,COL,"Denver-Aurora-Lakewood, CO"
20159,6650,1,2,80014,19740,AURORA,CO,COL,"Denver-Aurora-Lakewood, CO"
20160,6651,1,1,80640,19740,HENDERSON,CO,COL,"Denver-Aurora-Lakewood, CO"
20161,6652,1,1,80126,19740,LITTLETON,CO,COL,"Denver-Aurora-Lakewood, CO"
20163,6654,1,2,80011,19740,AURORA,CO,COL,"Denver-Aurora-Lakewood, CO"
20164,6655,1,2,80222,19740,DENVER,CO,COL,"Denver-Aurora-Lakewood, CO"
20167,6658,1,2,80012,19740,AURORA,CO,COL,"Denver-Aurora-Lakewood, CO"
20170,6660,1,2,80820,19740,GUFFEY,CO,COL,"Denver-Aurora-Lakewood, CO"
20172,6662,1,1,80246,19740,DENVER,CO,COL,"Denver-Aurora-Lakewood, CO"
20179,6668,1,2,80816,19740,FLORISSANT,CO,COL,"Denver-Aurora-Lakewood, CO"
20182,6670,1,2,80808,19740,CALHAN,CO,COL,"Denver-Aurora-Lakewood, CO"
20185,6672,1,2,80475,19740,SHAWNEE,CO,COL,"Denver-Aurora-Lakewood, CO"
20186,6673,1,1,80017,19740,AURORA,CO,COL,"Denver-Aurora-Lakewood, CO"
20189,6675,1,2,80113,19740,ENGLEWOOD,CO,COL,"Denver-Aurora-Lakewood, CO"
20190,6676,1,1,80113,19740,ENGLEWOOD,CO,COL,"Denver-Aurora-Lakewood, CO"
20192,6678,1,1,80239,19740,DENVER,CO,COL,"Denver-Aurora-Lakewood, CO"
20196,6681,1,1,80241,19740,THORNTON,CO,COL,"Denver-Aurora-Lakewood, CO"
20201,6685,1,1,80260,19740,DENVER,CO,COL,"Denver-Aurora-Lakewood, CO"
20202,6686,1,1,80112,19740,ENGLEWOOD,CO,COL,"Denver-Aurora-Lakewood, CO"
20204,6688,1,1,80239,19740,DENVER,CO,COL,"Denver-Aurora-Lakewood, CO"
20205,6689,1,2,80012,19740,AURORA,CO,COL,"Denver-Aurora-Lakewood, CO"
20206,6690,1,1,80011,19740,AURORA,CO,COL,"Denver-Aurora-Lakewood, CO"
20213,6695,1,2,80211,19740,DENVER,CO,COL,"Denver-Aurora-Lakewood, CO"
20214,6696,1,2,80105,19740,DEER TRAIL,CO,COL,"Denver-Aurora-Lakewood, CO"
20215,6697,1,1,80234,19740,DENVER,CO,COL,"Denver-Aurora-Lakewood, CO"
20219,6700,1,2,80016,19740,AURORA,CO,COL,"Denver-Aurora-Lakewood, CO"
20225,6705,1,1,80004,19740,ARVADA,CO,COL,"Denver-Aurora-Lakewood, CO"
20226,6706,1,1,80005,19740,ARVADA,CO,COL,"Denver-Aurora-Lakewood, CO"
20227,6707,1,2,80013,19740,AURORA,CO,COL,"Denver-Aurora-Lakewood, CO"
20228,6708,1,2,80241,19740,THORNTON,CO,COL,"Denver-Aurora-Lakewood, CO"
20233,6713,1,1,80223,19740,DENVER,CO,COL,"Denver-Aurora-Lakewood, CO"
20234,6714,1,2,80701,19740,FORT MORGAN,CO,COL,"Denver-Aurora-Lakewood, CO"
20236,6715,1,1,80014,19740,AURORA,CO,COL,"Denver-Aurora-Lakewood, CO"
20237,6716,1,2,80125,19740,LITTLETON,CO,COL,"Denver-Aurora-Lakewood, CO"
20241,6720,1,2,80016,19740,AURORA,CO,COL,"Denver-Aurora-Lakewood, CO"
20245,6722,1,2,80232,19740,DENVER,CO,COL,"Denver-Aurora-Lakewood, CO"
20246,6723,1,2,80210,19740,DENVER,CO,COL,"Denver-Aurora-Lakewood, CO"
20248,6725,1,1,80236,19740,DENVER,CO,COL,"Denver-Aurora-Lakewood, CO"
20249,6726,1,2,80210,19740,DENVER,CO,COL,"Denver-Aurora-Lakewood, CO"
20252,6728,1,2,80020,19740,BROOMFIELD,CO,COL,"Denver-Aurora-Lakewood, CO"
20253,6729,1,2,80210,19740,DENVER,CO,COL,"Denver-Aurora-Lakewood, CO"
20255,6730,1,2,80020,19740,BROOMFIELD,CO,COL,"Denver-Aurora-Lakewood, CO"
20256,6731,1,2,80210,19740,DENVER,CO,COL,"Denver-Aurora-Lakewood, CO"
20257,6732,1,2,80210,19740,DENVER,CO,COL,"Denver-Aurora-Lakewood, CO"
20260,6734,1,1,80109,19740,CASTLE ROCK,CO,COL,"Denver-Aurora-Lakewood, CO"
20262,6736,1,2,80233,19740,DENVER,CO,COL,"Denver-Aurora-Lakewood, CO"
20265,6739,1,2,80109,19740,CASTLE ROCK,CO,COL,"Denver-Aurora-Lakewood, CO"
20266,6740,1,2,80004,19740,ARVADA,CO,COL,"Denver-Aurora-Lakewood, CO"
20268,6742,1,2,80227,19740,DENVER,CO,COL,"Denver-Aurora-Lakewood, CO"
20272,6746,1,2,80027,19740,LOUISVILLE,CO,COL,"Denver-Aurora-Lakewood, CO"
20276,6748,1,1,80221,19740,DENVER,CO,COL,"Denver-Aurora-Lakewood, CO"
20277,6749,1,2,80104,19740,CASTLE ROCK,CO,COL,"Denver-Aurora-Lakewood, CO"
20278,6750,1,2,80234,19740,DENVER,CO,COL,"Denver-Aurora-Lakewood, CO"
20284,6755,1,2,80012,19740,AURORA,CO,COL,"Denver-Aurora-Lakewood, CO"
20286,6757,1,2,80123,19740,LITTLETON,CO,COL,"Denver-Aurora-Lakewood, CO"
20287,6758,1,1,80249,19740,DENVER,CO,COL,"Denver-Aurora-Lakewood, CO"
20290,6761,1,1,80123,19740,LITTLETON,CO,COL,"Denver-Aurora-Lakewood, CO"
20291,6762,1,2,80303,19740,BOULDER,CO,COL,"Denver-Aurora-Lakewood, CO"
20293,6763,1,2,80017,19740,AURORA,CO,COL,"Denver-Aurora-Lakewood, CO"
20296,6766,1,1,80004,19740,ARVADA,CO,COL,"Denver-Aurora-Lakewood, CO"
20297,6767,1,2,80215,19740,DENVER,CO,COL,"Denver-Aurora-Lakewood, CO"
20305,6773,1,1,80026,19740,LAFAYETTE,CO,COL,"Denver-Aurora-Lakewood, CO"
20306,6774,1,2,80107,19740,ELIZABETH,CO,COL,"Denver-Aurora-Lakewood, CO"
20307,6775,1,2,80207,19740,DENVER,CO,COL,"Denver-Aurora-Lakewood, CO"
20308,6776,1,1,80221,19740,DENVER,CO,COL,"Denver-Aurora-Lakewood, CO"
20311,6777,1,2,80833,19740,RUSH,CO,COL,"Denver-Aurora-Lakewood, CO"
20312,6778,1,2,80022,19740,COMMERCE CITY,CO,COL,"Denver-Aurora-Lakewood, CO"
20315,6781,1,2,80211,19740,DENVER,CO,COL,"Denver-Aurora-Lakewood, CO"
20316,6782,1,1,80214,19740,DENVER,CO,COL,"Denver-Aurora-Lakewood, CO"
20318,6784,1,2,80220,19740,DENVER,CO,COL,"Denver-Aurora-Lakewood, CO"
20319,6785,1,1,80215,19740,DENVER,CO,COL,"Denver-Aurora-Lakewood, CO"
20322,6788,1,2,80134,19740,PARKER,CO,COL,"Denver-Aurora-Lakewood, CO"
20323,6789,1,2,80123,19740,LITTLETON,CO,COL,"Denver-Aurora-Lakewood, CO"
20324,6790,1,1,80012,19740,AURORA,CO,COL,"Denver-Aurora-Lakewood, CO"
20325,6791,1,1,80215,19740,DENVER,CO,COL,"Denver-Aurora-Lakewood, CO"
20326,6792,1,2,80231,19740,DENVER,CO,COL,"Denver-Aurora-Lakewood, CO"
20333,6798,1,2,80123,19740,LITTLETON,CO,COL,"Denver-Aurora-Lakewood, CO"
20337,6800,1,1,80235,19740,DENVER,CO,COL,"Denver-Aurora-Lakewood, CO"
20340,6802,1,1,80260,19740,DENVER,CO,COL,"Denver-Aurora-Lakewood, CO"
20341,6803,1,2,80211,19740,DENVER,CO,COL,"Denver-Aurora-Lakewood, CO"
20348,6808,1,1,80238,19740,DENVER,CO,COL,"Denver-Aurora-Lakewood, CO"
20349,6809,1,2,80210,19740,DENVER,CO,COL,"Denver-Aurora-Lakewood, CO"
20350,6810,1,1,80004,19740,ARVADA,CO,COL,"Denver-Aurora-Lakewood, CO"
20355,6814,1,2,80013,19740,AURORA,CO,COL,"Denver-Aurora-Lakewood, CO"
20356,6815,1,2,80229,19740,DENVER,CO,COL,"Denver-Aurora-Lakewood, CO"
20357,6816,1,2,80237,19740,DENVER,CO,COL,"Denver-Aurora-Lakewood, CO"
20358,6817,1,2,80138,19740,PARKER,CO,COL,"Denver-Aurora-Lakewood, CO"
20362,6820,1,2,80237,19740,DENVER,CO,COL,"Denver-Aurora-Lakewood, CO"
20364,6822,1,1,80031,19740,WESTMINSTER,CO,COL,"Denver-Aurora-Lakewood, CO"
20366,6824,1,2,80123,19740,LITTLETON,CO,COL,"Denver-Aurora-Lakewood, CO"
20367,6825,1,2,80205,19740,DENVER,CO,COL,"Denver-Aurora-Lakewood, CO"
20369,6827,1,1,80219,19740,DENVER,CO,COL,"Denver-Aurora-Lakewood, CO"
20370,6828,1,2,80210,19740,DENVER,CO,COL,"Denver-Aurora-Lakewood, CO"
20371,6829,1,2,80231,19740,DENVER,CO,COL,"Denver-Aurora-Lakewood, CO"
20372,6830,1,2,80236,19740,DENVER,CO,COL,"Denver-Aurora-Lakewood, CO"
20374,6832,1,1,80017,19740,AURORA,CO,COL,"Denver-Aurora-Lakewood, CO"
20375,6833,1,2,80017,19740,AURORA,CO,COL,"Denver-Aurora-Lakewood, CO"
20383,6839,1,2,80002,19740,ARVADA,CO,COL,"Denver-Aurora-Lakewood, CO"
20388,6842,1,1,80102,19740,BENNETT,CO,COL,"Denver-Aurora-Lakewood, CO"
20394,6847,1,1,80214,19740,DENVER,CO,COL,"Denver-Aurora-Lakewood, CO"
20395,6848,1,2,80401,19740,GOLDEN,CO,COL,"Denver-Aurora-Lakewood, CO"
20396,6849,1,2,80229,19740,DENVER,CO,COL,"Denver-Aurora-Lakewood, CO"
20397,6850,1,2,80233,19740,DENVER,CO,COL,"Denver-Aurora-Lakewood, CO"
20401,6853,1,2,80127,19740,LITTLETON,CO,COL,"Denver-Aurora-Lakewood, CO"
20404,6855,1,1,80021,19740,BROOMFIELD,CO,COL,"Denver-Aurora-Lakewood, CO"
20406,6857,1,1,80123,19740,LITTLETON,CO,COL,"Denver-Aurora-Lakewood, CO"
20407,6858,1,1,80216,19740,DENVER,CO,COL,"Denver-Aurora-Lakewood, CO"
20409,6860,1,2,80219,19740,DENVER,CO,COL,"Denver-Aurora-Lakewood, CO"
20412,6863,1,1,80260,19740,DENVER,CO,COL,"Denver-Aurora-Lakewood, CO"
20417,6866,1,2,80601,19740,BRIGHTON,CO,COL,"Denver-Aurora-Lakewood, CO"
20418,6867,1,2,80206,19740,DENVER,CO,COL,"Denver-Aurora-Lakewood, CO"
20424,6872,1,1,80231,19740,DENVER,CO,COL,"Denver-Aurora-Lakewood, CO"
20427,6875,1,2,80015,19740,AURORA,CO,COL,"Denver-Aurora-Lakewood, CO"
20431,6879,1,2,80014,19740,AURORA,CO,COL,"Denver-Aurora-Lakewood, CO"
20432,6880,1,2,80401,19740,GOLDEN,CO,COL,"Denver-Aurora-Lakewood, CO"
20434,6881,1,2,80516,19740,ERIE,CO,COL,"Denver-Aurora-Lakewood, CO"
20437,6883,1,1,80229,19740,DENVER,CO,COL,"Denver-Aurora-Lakewood, CO"
20442,6887,1,2,80113,19740,ENGLEWOOD,CO,COL,"Denver-Aurora-Lakewood, CO"
20443,6888,1,2,80228,19740,DENVER,CO,COL,"Denver-Aurora-Lakewood, CO"
20446,6890,1,1,80031,19740,WESTMINSTER,CO,COL,"Denver-Aurora-Lakewood, CO"
20447,6891,1,2,80113,19740,ENGLEWOOD,CO,COL,"Denver-Aurora-Lakewood, CO"
20448,6892,1,2,80012,19740,AURORA,CO,COL,"Denver-Aurora-Lakewood, CO"
20449,6893,1,1,80015,19740,AURORA,CO,COL,"Denver-Aurora-Lakewood, CO"
20452,6896,1,2,80134,19740,PARKER,CO,COL,"Denver-Aurora-Lakewood, CO"
20453,6897,1,2,80013,19740,AURORA,CO,COL,"Denver-Aurora-Lakewood, CO"
20457,6900,1,1,80014,19740,AURORA,CO,COL,"Denver-Aurora-Lakewood, CO"
20460,6902,1,2,80013,19740,AURORA,CO,COL,"Denver-Aurora-Lakewood, CO"
20461,6903,1,2,80022,19740,COMMERCE CITY,CO,COL,"Denver-Aurora-Lakewood, CO"
20462,6904,1,1,80228,19740,DENVER,CO,COL,"Denver-Aurora-Lakewood, CO"
20465,6906,1,2,80215,19740,DENVER,CO,COL,"Denver-Aurora-Lakewood, CO"
20468,6909,1,2,80231,19740,DENVER,CO,COL,"Denver-Aurora-Lakewood, CO"
20474,6912,1,2,80831,19740,PEYTON,CO,COL,"Denver-Aurora-Lakewood, CO"
20475,6913,1,2,80228,19740,DENVER,CO,COL,"Denver-Aurora-Lakewood, CO"
20477,6915,1,2,80246,19740,DENVER,CO,COL,"Denver-Aurora-Lakewood, CO"
20479,6917,1,2,80007,19740,ARVADA,CO,COL,"Denver-Aurora-Lakewood, CO"
20480,6918,1,2,80440,19740,FAIRPLAY,CO,COL,"Denver-Aurora-Lakewood, CO"
20481,6919,1,2,80218,19740,DENVER,CO,COL,"Denver-Aurora-Lakewood, CO"
20482,6920,1,2,80219,19740,DENVER,CO,COL,"Denver-Aurora-Lakewood, CO"
20484,6921,1,1,80403,19740,GOLDEN,CO,COL,"Denver-Aurora-Lakewood, CO"
20485,6922,1,2,80126,19740,LITTLETON,CO,COL,"Denver-Aurora-Lakewood, CO"
20487,6924,1,1,80022,19740,COMMERCE CITY,CO,COL,"Denver-Aurora-Lakewood, CO"
20489,6926,1,1,80201,19740,DENVER,CO,COL,"Denver-Aurora-Lakewood, CO"
20490,6927,1,2,80828,19740,LIMON,CO,COL,"Denver-Aurora-Lakewood, CO"
20494,6930,1,2,80211,19740,DENVER,CO,COL,"Denver-Aurora-Lakewood, CO"
20495,6931,1,2,80014,19740,AURORA,CO,COL,"Denver-Aurora-Lakewood, CO"
20496,6932,1,2,80007,19740,ARVADA,CO,COL,"Denver-Aurora-Lakewood, CO"
20497,6933,1,2,80102,19740,BENNETT,CO,COL,"Denver-Aurora-Lakewood, CO"
20499,6935,1,1,80015,19740,AURORA,CO,COL,"Denver-Aurora-Lakewood, CO"
20501,6937,1,2,80237,19740,DENVER,CO,COL,"Denver-Aurora-Lakewood, CO"
20504,6939,1,2,80221,19740,DENVER,CO,COL,"Denver-Aurora-Lakewood, CO"
20507,6942,1,2,80110,19740,ENGLEWOOD,CO,COL,"Denver-Aurora-Lakewood, CO"
20513,6947,1,2,80121,19740,LITTLETON,CO,COL,"Denver-Aurora-Lakewood, CO"
20514,6948,1,2,80121,19740,LITTLETON,CO,COL,"Denver-Aurora-Lakewood, CO"
20517,6950,1,1,80601,19740,BRIGHTON,CO,COL,"Denver-Aurora-Lakewood, CO"
20518,6951,1,2,80236,19740,DENVER,CO,COL,"Denver-Aurora-Lakewood, CO"
20519,6952,1,2,80206,19740,DENVER,CO,COL,"Denver-Aurora-Lakewood, CO"
20520,6953,1,2,80260,19740,DENVER,CO,COL,"Denver-Aurora-Lakewood, CO"
20528,6959,1,1,80012,19740,AURORA,CO,COL,"Denver-Aurora-Lakewood, CO"
20530,6960,1,2,80020,19740,BROOMFIELD,CO,COL,"Denver-Aurora-Lakewood, CO"
20531,6961,1,1,80016,19740,AURORA,CO,COL,"Denver-Aurora-Lakewood, CO"
20533,6963,1,2,80010,19740,AURORA,CO,COL,"Denver-Aurora-Lakewood, CO"
20534,6964,1,2,80214,19740,DENVER,CO,COL,"Denver-Aurora-Lakewood, CO"
20535,6965,1,1,80212,19740,DENVER,CO,COL,"Denver-Aurora-Lakewood, CO"
20538,6967,1,2,80128,19740,LITTLETON,CO,COL,"Denver-Aurora-Lakewood, CO"
20539,6968,1,2,80136,19740,STRASBURG,CO,COL,"Denver-Aurora-Lakewood, CO"
20544,6972,1,2,80229,19740,DENVER,CO,COL,"Denver-Aurora-Lakewood, CO"
20545,6973,1,1,80010,19740,AURORA,CO,COL,"Denver-Aurora-Lakewood, CO"
20546,6974,1,2,80201,19740,DENVER,CO,COL,"Denver-Aurora-Lakewood, CO"
20547,6975,1,1,80134,19740,PARKER,CO,COL,"Denver-Aurora-Lakewood, CO"
20549,6977,1,2,80203,19740,DENVER,CO,COL,"Denver-Aurora-Lakewood, CO"
20550,6978,1,2,80260,19740,DENVER,CO,COL,"Denver-Aurora-Lakewood, CO"
20551,6979,1,2,80643,19740,KEENESBURG,CO,COL,"Denver-Aurora-Lakewood, CO"
20553,6980,1,2,80122,19740,LITTLETON,CO,COL,"Denver-Aurora-Lakewood, CO"
20554,6981,1,1,80019,19740,AURORA,CO,COL,"Denver-Aurora-Lakewood, CO"
20556,6983,1,2,80211,19740,DENVER,CO,COL,"Denver-Aurora-Lakewood, CO"
20557,6984,1,2,80111,19740,ENGLEWOOD,CO,COL,"Denver-Aurora-Lakewood, CO"
20558,6985,1,2,80222,19740,DENVER,CO,COL,"Denver-Aurora-Lakewood, CO"
20559,6986,1,2,80238,19740,DENVER,CO,COL,"Denver-Aurora-Lakewood, CO"
20560,6987,1,2,80206,19740,DENVER,CO,COL,"Denver-Aurora-Lakewood, CO"
20564,6990,1,2,80013,19740,AURORA,CO,COL,"Denver-Aurora-Lakewood, CO"
20565,6991,1,2,80224,19740,DENVER,CO,COL,"Denver-Aurora-Lakewood, CO"
20566,6992,1,2,80224,19740,DENVER,CO,COL,"Denver-Aurora-Lakewood, CO"
20567,6993,1,2,80004,19740,ARVADA,CO,COL,"Denver-Aurora-Lakewood, CO"
20568,6994,1,1,80226,19740,DENVER,CO,COL,"Denver-Aurora-Lakewood, CO"
20571,6996,1,2,80129,19740,LITTLETON,CO,COL,"Denver-Aurora-Lakewood, CO"
20573,6998,1,2,80233,19740,DENVER,CO,COL,"Denver-Aurora-Lakewood, CO"
20577,7000,1,2,80603,19740,BRIGHTON,CO,COL,"Denver-Aurora-Lakewood, CO"
20578,7001,1,1,80229,19740,DENVER,CO,COL,"Denver-Aurora-Lakewood, CO"
20579,7002,1,2,80221,19740,DENVER,CO,COL,"Denver-Aurora-Lakewood, CO"
20580,7003,1,2,80210,19740,DENVER,CO,COL,"Denver-Aurora-Lakewood, CO"
20582,7005,1,2,80113,19740,ENGLEWOOD,CO,COL,"Denver-Aurora-Lakewood, CO"
20583,7006,1,1,80018,19740,AURORA,CO,COL,"Denver-Aurora-Lakewood, CO"
20585,7008,1,1,80233,19740,DENVER,CO,COL,"Denver-Aurora-Lakewood, CO"
20586,7009,1,1,80111,19740,ENGLEWOOD,CO,COL,"Denver-Aurora-Lakewood, CO"
20589,7011,1,2,80863,19740,WOODLAND PARK,CO,COL,"Denver-Aurora-Lakewood, CO"
20592,7013,1,2,80136,19740,STRASBURG,CO,COL,"Denver-Aurora-Lakewood, CO"
20597,7017,1,2,80136,19740,STRASBURG,CO,COL,"Denver-Aurora-Lakewood, CO"
20605,7025,1,1,80107,19740,ELIZABETH,CO,COL,"Denver-Aurora-Lakewood, CO"
20607,7027,1,2,80239,19740,DENVER,CO,COL,"Denver-Aurora-Lakewood, CO"
20612,7031,1,1,80020,19740,BROOMFIELD,CO,COL,"Denver-Aurora-Lakewood, CO"
20616,7034,1,1,80020,19740,BROOMFIELD,CO,COL,"Denver-Aurora-Lakewood, CO"
20618,7035,1,2,80863,19740,WOODLAND PARK,CO,COL,"Denver-Aurora-Lakewood, CO"
20619,7036,1,1,80247,19740,DENVER,CO,COL,"Denver-Aurora-Lakewood, CO"
20622,7039,1,2,80249,19740,DENVER,CO,COL,"Denver-Aurora-Lakewood, CO"
20624,7041,1,1,80111,19740,ENGLEWOOD,CO,COL,"Denver-Aurora-Lakewood, CO"
20626,7042,1,2,80516,19740,ERIE,CO,COL,"Denver-Aurora-Lakewood, CO"
20630,7044,1,2,80127,19740,LITTLETON,CO,COL,"Denver-Aurora-Lakewood, CO"
20631,7045,1,2,80123,19740,LITTLETON,CO,COL,"Denver-Aurora-Lakewood, CO"
20632,7046,1,2,80470,19740,PINE,CO,COL,"Denver-Aurora-Lakewood, CO"
20635,7049,1,1,80102,19740,BENNETT,CO,COL,"Denver-Aurora-Lakewood, CO"
20636,7050,1,2,80808,19740,CALHAN,CO,COL,"Denver-Aurora-Lakewood, CO"
20643,7054,1,2,80134,19740,PARKER,CO,COL,"Denver-Aurora-Lakewood, CO"
20644,7055,1,2,80134,19740,PARKER,CO,COL,"Denver-Aurora-Lakewood, CO"
20647,7058,1,1,80112,19740,ENGLEWOOD,CO,COL,"Denver-Aurora-Lakewood, CO"
20649,7060,1,2,80120,19740,LITTLETON,CO,COL,"Denver-Aurora-Lakewood, CO"
20651,7062,1,2,80126,19740,LITTLETON,CO,COL,"Denver-Aurora-Lakewood, CO"
20653,7064,1,1,80206,19740,DENVER,CO,COL,"Denver-Aurora-Lakewood, CO"
20654,7065,1,2,80019,19740,AURORA,CO,COL,"Denver-Aurora-Lakewood, CO"
20655,7066,1,1,80111,19740,ENGLEWOOD,CO,COL,"Denver-Aurora-Lakewood, CO"
20657,7068,1,2,80014,19740,AURORA,CO,COL,"Denver-Aurora-Lakewood, CO"
20660,7070,1,1,80020,19740,BROOMFIELD,CO,COL,"Denver-Aurora-Lakewood, CO"
20667,7076,1,2,80003,19740,ARVADA,CO,COL,"Denver-Aurora-Lakewood, CO"
20668,7077,1,1,80247,19740,DENVER,CO,COL,"Denver-Aurora-Lakewood, CO"
20671,7079,1,2,80106,19740,ELBERT,CO,COL,"Denver-Aurora-Lakewood, CO"
20672,7080,1,2,80260,19740,DENVER,CO,COL,"Denver-Aurora-Lakewood, CO"
20673,7081,1,2,80138,19740,PARKER,CO,COL,"Denver-Aurora-Lakewood, CO"
20674,7082,1,1,80102,19740,BENNETT,CO,COL,"Denver-Aurora-Lakewood, CO"
20676,7084,1,2,80223,19740,DENVER,CO,COL,"Denver-Aurora-Lakewood, CO"
20678,7086,1,1,80247,19740,DENVER,CO,COL,"Denver-Aurora-Lakewood, CO"
20679,7087,1,1,80001,19740,ARVADA,CO,COL,"Denver-Aurora-Lakewood, CO"
20681,7088,1,2,80601,19740,BRIGHTON,CO,COL,"Denver-Aurora-Lakewood, CO"
20682,7089,1,1,80011,19740,AURORA,CO,COL,"Denver-Aurora-Lakewood, CO"
20685,7092,1,2,80012,19740,AURORA,CO,COL,"Denver-Aurora-Lakewood, CO"
20686,7093,1,1,80021,19740,BROOMFIELD,CO,COL,"Denver-Aurora-Lakewood, CO"
20687,7094,1,2,80120,19740,LITTLETON,CO,COL,"Denver-Aurora-Lakewood, CO"
20688,7095,1,2,80013,19740,AURORA,CO,COL,"Denver-Aurora-Lakewood, CO"
20689,7096,1,2,80130,19740,LITTLETON,CO,COL,"Denver-Aurora-Lakewood, CO"
20690,7097,1,2,80128,19740,LITTLETON,CO,COL,"Denver-Aurora-Lakewood, CO"
20694,7099,1,2,80474,19740,ROLLINSVILLE,CO,COL,"Denver-Aurora-Lakewood, CO"
20695,7100,1,2,80129,19740,LITTLETON,CO,COL,"Denver-Aurora-Lakewood, CO"
20697,7102,1,2,80108,19740,CASTLE ROCK,CO,COL,"Denver-Aurora-Lakewood, CO"
20698,7103,1,2,80017,19740,AURORA,CO,COL,"Denver-Aurora-Lakewood, CO"
20704,7108,1,2,80516,19740,ERIE,CO,COL,"Denver-Aurora-Lakewood, CO"
20706,7109,1,2,80130,19740,LITTLETON,CO,COL,"Denver-Aurora-Lakewood, CO"
20707,7110,1,2,80107,19740,ELIZABETH,CO,COL,"Denver-Aurora-Lakewood, CO"
20710,7113,1,2,80228,19740,DENVER,CO,COL,"Denver-Aurora-Lakewood, CO"
20716,7119,1,2,80027,19740,LOUISVILLE,CO,COL,"Denver-Aurora-Lakewood, CO"
20718,7120,1,2,80014,19740,AURORA,CO,COL,"Denver-Aurora-Lakewood, CO"
20719,7121,1,2,80210,19740,DENVER,CO,COL,"Denver-Aurora-Lakewood, CO"
20729,7130,1,2,80239,19740,DENVER,CO,COL,"Denver-Aurora-Lakewood, CO"
20730,7131,1,2,80228,19740,DENVER,CO,COL,"Denver-Aurora-Lakewood, CO"
20731,7132,1,2,80204,19740,DENVER,CO,COL,"Denver-Aurora-Lakewood, CO"
20732,7133,1,2,80224,19740,DENVER,CO,COL,"Denver-Aurora-Lakewood, CO"
20733,7134,1,2,80216,19740,DENVER,CO,COL,"Denver-Aurora-Lakewood, CO"
20734,7135,1,2,80233,19740,DENVER,CO,COL,"Denver-Aurora-Lakewood, CO"
20735,7136,1,2,80120,19740,LITTLETON,CO,COL,"Denver-Aurora-Lakewood, CO"
20737,7138,1,2,80236,19740,DENVER,CO,COL,"Denver-Aurora-Lakewood, CO"
20738,7139,1,1,80021,19740,BROOMFIELD,CO,COL,"Denver-Aurora-Lakewood, CO"
20739,7140,1,2,80206,19740,DENVER,CO,COL,"Denver-Aurora-Lakewood, CO"
20744,7144,1,2,80013,19740,AURORA,CO,COL,"Denver-Aurora-Lakewood, CO"
20745,7145,1,1,80014,19740,AURORA,CO,COL,"Denver-Aurora-Lakewood, CO"
20747,7147,1,2,80108,19740,CASTLE ROCK,CO,COL,"Denver-Aurora-Lakewood, CO"
20749,7148,1,2,80603,19740,BRIGHTON,CO,COL,"Denver-Aurora-Lakewood, CO"
20751,7150,1,2,80260,19740,DENVER,CO,COL,"Denver-Aurora-Lakewood, CO"
20755,7154,1,2,80022,19740,COMMERCE CITY,CO,COL,"Denver-Aurora-Lakewood, CO"
20756,7155,1,2,80113,19740,ENGLEWOOD,CO,COL,"Denver-Aurora-Lakewood, CO"
20757,7156,1,2,80021,19740,BROOMFIELD,CO,COL,"Denver-Aurora-Lakewood, CO"
20758,7157,1,2,80234,19740,DENVER,CO,COL,"Denver-Aurora-Lakewood, CO"
20759,7158,1,2,80808,19740,CALHAN,CO,COL,"Denver-Aurora-Lakewood, CO"
20763,7161,1,2,80010,19740,AURORA,CO,COL,"Denver-Aurora-Lakewood, CO"
20765,7162,1,2,80831,19740,PEYTON,CO,COL,"Denver-Aurora-Lakewood, CO"
20766,7163,1,2,80010,19740,AURORA,CO,COL,"Denver-Aurora-Lakewood, CO"
20767,7164,1,2,80231,19740,DENVER,CO,COL,"Denver-Aurora-Lakewood, CO"
20768,7165,1,2,80011,19740,AURORA,CO,COL,"Denver-Aurora-Lakewood, CO"
20771,7167,1,1,80863,19740,WOODLAND PARK,CO,COL,"Denver-Aurora-Lakewood, CO"
20773,7169,1,2,80236,19740,DENVER,CO,COL,"Denver-Aurora-Lakewood, CO"
20777,7171,1,1,80120,19740,LITTLETON,CO,COL,"Denver-Aurora-Lakewood, CO"
20784,7175,1,2,80601,19740,BRIGHTON,CO,COL,"Denver-Aurora-Lakewood, CO"
20785,7176,1,2,80219,19740,DENVER,CO,COL,"Denver-Aurora-Lakewood, CO"
20786,7177,1,2,80221,19740,DENVER,CO,COL,"Denver-Aurora-Lakewood, CO"
20787,7178,1,2,80209,19740,DENVER,CO,COL,"Denver-Aurora-Lakewood, CO"
20788,7179,1,2,80452,19740,IDAHO SPRINGS,CO,COL,"Denver-Aurora-Lakewood, CO"
20789,7180,1,2,80228,19740,DENVER,CO,COL,"Denver-Aurora-Lakewood, CO"
20795,7184,1,2,80231,19740,DENVER,CO,COL,"Denver-Aurora-Lakewood, CO"
20800,7188,1,2,80203,19740,DENVER,CO,COL,"Denver-Aurora-Lakewood, CO"
20801,7189,1,2,80237,19740,DENVER,CO,COL,"Denver-Aurora-Lakewood, CO"
20802,7190,1,2,80109,19740,CASTLE ROCK,CO,COL,"Denver-Aurora-Lakewood, CO"
20805,7192,1,2,80401,19740,GOLDEN,CO,COL,"Denver-Aurora-Lakewood, CO"
20808,7195,1,2,80303,19740,BOULDER,CO,COL,"Denver-Aurora-Lakewood, CO"
20810,7196,1,2,80012,19740,AURORA,CO,COL,"Denver-Aurora-Lakewood, CO"
20811,7197,1,2,80016,19740,AURORA,CO,COL,"Denver-Aurora-Lakewood, CO"
20813,7199,1,2,80003,19740,ARVADA,CO,COL,"Denver-Aurora-Lakewood, CO"
20815,7201,1,2,80123,19740,LITTLETON,CO,COL,"Denver-Aurora-Lakewood, CO"
20817,7203,1,1,80249,19740,DENVER,CO,COL,"Denver-Aurora-Lakewood, CO"
20819,7205,1,2,80003,19740,ARVADA,CO,COL,"Denver-Aurora-Lakewood, CO"
20821,7206,1,2,80118,19740,LARKSPUR,CO,COL,"Denver-Aurora-Lakewood, CO"
20823,7208,1,2,80214,19740,DENVER,CO,COL,"Denver-Aurora-Lakewood, CO"
20833,7218,1,2,80124,19740,LONE TREE,CO,COL,"Denver-Aurora-Lakewood, CO"
20835,7220,1,1,80018,19740,AURORA,CO,COL,"Denver-Aurora-Lakewood, CO"
20846,7228,1,2,80831,19740,PEYTON,CO,COL,"Denver-Aurora-Lakewood, CO"
20847,7229,1,2,80015,19740,AURORA,CO,COL,"Denver-Aurora-Lakewood, CO"
20849,7230,1,2,80601,19740,BRIGHTON,CO,COL,"Denver-Aurora-Lakewood, CO"
20858,7238,1,2,80241,19740,THORNTON,CO,COL,"Denver-Aurora-Lakewood, CO"
20860,7240,1,2,80228,19740,DENVER,CO,COL,"Denver-Aurora-Lakewood, CO"
20861,7241,1,2,80227,19740,DENVER,CO,COL,"Denver-Aurora-Lakewood, CO"
20865,7244,1,2,80118,19740,LARKSPUR,CO,COL,"Denver-Aurora-Lakewood, CO"
20866,7245,1,2,80015,19740,AURORA,CO,COL,"Denver-Aurora-Lakewood, CO"
20868,7247,1,1,80219,19740,DENVER,CO,COL,"Denver-Aurora-Lakewood, CO"
20874,7251,1,2,80203,19740,DENVER,CO,COL,"Denver-Aurora-Lakewood, CO"
20879,7254,1,2,80602,19740,BRIGHTON,CO,COL,"Denver-Aurora-Lakewood, CO"
20880,7255,1,2,80249,19740,DENVER,CO,COL,"Denver-Aurora-Lakewood, CO"
20881,7256,1,1,80015,19740,AURORA,CO,COL,"Denver-Aurora-Lakewood, CO"
20882,7257,1,2,80230,19740,DENVER,CO,COL,"Denver-Aurora-Lakewood, CO"
20883,7258,1,1,80031,19740,WESTMINSTER,CO,COL,"Denver-Aurora-Lakewood, CO"
20886,7260,1,2,80214,19740,DENVER,CO,COL,"Denver-Aurora-Lakewood, CO"
20887,7261,1,2,80014,19740,AURORA,CO,COL,"Denver-Aurora-Lakewood, CO"
20888,7262,1,1,80016,19740,AURORA,CO,COL,"Denver-Aurora-Lakewood, CO"
20894,7267,1,2,80134,19740,PARKER,CO,COL,"Denver-Aurora-Lakewood, CO"
20897,7270,1,2,80219,19740,DENVER,CO,COL,"Denver-Aurora-Lakewood, CO"
20903,7276,1,2,80228,19740,DENVER,CO,COL,"Denver-Aurora-Lakewood, CO"
20904,7277,1,2,80003,19740,ARVADA,CO,COL,"Denver-Aurora-Lakewood, CO"
20905,7278,1,2,80221,19740,DENVER,CO,COL,"Denver-Aurora-Lakewood, CO"
20906,7279,1,2,80002,19740,ARVADA,CO,COL,"Denver-Aurora-Lakewood, CO"
20908,7281,1,2,80012,19740,AURORA,CO,COL,"Denver-Aurora-Lakewood, CO"
20909,7282,1,2,80216,19740,DENVER,CO,COL,"Denver-Aurora-Lakewood, CO"
20910,7283,1,2,80226,19740,DENVER,CO,COL,"Denver-Aurora-Lakewood, CO"
20911,7284,1,2,80230,19740,DENVER,CO,COL,"Denver-Aurora-Lakewood, CO"
20912,7285,1,2,80004,19740,ARVADA,CO,COL,"Denver-Aurora-Lakewood, CO"
20913,7286,1,2,80130,19740,LITTLETON,CO,COL,"Denver-Aurora-Lakewood, CO"
20917,7289,1,2,80602,19740,BRIGHTON,CO,COL,"Denver-Aurora-Lakewood, CO"
20922,7294,1,1,80214,19740,DENVER,CO,COL,"Denver-Aurora-Lakewood, CO"
20923,7295,1,2,80014,19740,AURORA,CO,COL,"Denver-Aurora-Lakewood, CO"
20924,7296,1,2,80012,19740,AURORA,CO,COL,"Denver-Aurora-Lakewood, CO"
20926,7298,1,1,80015,19740,AURORA,CO,COL,"Denver-Aurora-Lakewood, CO"
20927,7299,1,1,80013,19740,AURORA,CO,COL,"Denver-Aurora-Lakewood, CO"
20928,7300,1,1,80013,19740,AURORA,CO,COL,"Denver-Aurora-Lakewood, CO"
20929,7301,1,2,80231,19740,DENVER,CO,COL,"Denver-Aurora-Lakewood, CO"
20930,7302,1,2,80013,19740,AURORA,CO,COL,"Denver-Aurora-Lakewood, CO"
20931,7303,1,2,80011,19740,AURORA,CO,COL,"Denver-Aurora-Lakewood, CO"
20932,7304,1,2,80022,19740,COMMERCE CITY,CO,COL,"Denver-Aurora-Lakewood, CO"
20933,7305,1,2,80015,19740,AURORA,CO,COL,"Denver-Aurora-Lakewood, CO"
20934,7306,1,2,80033,19740,WHEAT RIDGE,CO,COL,"Denver-Aurora-Lakewood, CO"
20935,7307,1,2,80112,19740,ENGLEWOOD,CO,COL,"Denver-Aurora-Lakewood, CO"
20936,7308,1,2,80137,19740,WATKINS,CO,COL,"Denver-Aurora-Lakewood, CO"
20937,7309,1,2,80128,19740,LITTLETON,CO,COL,"Denver-Aurora-Lakewood, CO"
20942,7314,1,2,80234,19740,DENVER,CO,COL,"Denver-Aurora-Lakewood, CO"
20943,7315,1,2,80241,19740,THORNTON,CO,COL,"Denver-Aurora-Lakewood, CO"
20944,7316,1,2,80128,19740,LITTLETON,CO,COL,"Denver-Aurora-Lakewood, CO"
20946,7318,1,1,80013,19740,AURORA,CO,COL,"Denver-Aurora-Lakewood, CO"
20947,7319,1,1,80013,19740,AURORA,CO,COL,"Denver-Aurora-Lakewood, CO"
20948,7320,1,1,80013,19740,AURORA,CO,COL,"Denver-Aurora-Lakewood, CO"
20949,7321,1,1,80013,19740,AURORA,CO,COL,"Denver-Aurora-Lakewood, CO"
20950,7322,1,1,80013,19740,AURORA,CO,COL,"Denver-Aurora-Lakewood, CO"
20951,7323,1,1,80013,19740,AURORA,CO,COL,"Denver-Aurora-Lakewood, CO"
20952,7324,1,1,80013,19740,AURORA,CO,COL,"Denver-Aurora-Lakewood, CO"
20953,7325,1,1,80013,19740,AURORA,CO,COL,"Denver-Aurora-Lakewood, CO"
20954,7326,1,1,80013,19740,AURORA,CO,COL,"Denver-Aurora-Lakewood, CO"
20955,7327,1,1,80013,19740,AURORA,CO,COL,"Denver-Aurora-Lakewood, CO"
20956,7328,1,1,80013,19740,AURORA,CO,COL,"Denver-Aurora-Lakewood, CO"
20957,7329,1,1,80013,19740,AURORA,CO,COL,"Denver-Aurora-Lakewood, CO"
20958,7330,1,1,80013,19740,AURORA,CO,COL,"Denver-Aurora-Lakewood, CO"
20959,7331,1,2,80104,19740,CASTLE ROCK,CO,COL,"Denver-Aurora-Lakewood, CO"
20962,7333,1,1,80241,19740,THORNTON,CO,COL,"Denver-Aurora-Lakewood, CO"
20964,7334,1,2,80023,19740,BROOMFIELD,CO,COL,"Denver-Aurora-Lakewood, CO"
20966,7336,1,2,80013,19740,AURORA,CO,COL,"Denver-Aurora-Lakewood, CO"
20967,7337,1,2,80014,19740,AURORA,CO,COL,"Denver-Aurora-Lakewood, CO"
20968,7338,1,2,80241,19740,THORNTON,CO,COL,"Denver-Aurora-Lakewood, CO"
20969,7339,1,2,80219,19740,DENVER,CO,COL,"Denver-Aurora-Lakewood, CO"
20970,7340,1,1,80013,19740,AURORA,CO,COL,"Denver-Aurora-Lakewood, CO"
20971,7341,1,1,80013,19740,AURORA,CO,COL,"Denver-Aurora-Lakewood, CO"
20972,7342,1,2,80005,19740,ARVADA,CO,COL,"Denver-Aurora-Lakewood, CO"
20973,7343,1,2,80207,19740,DENVER,CO,COL,"Denver-Aurora-Lakewood, CO"
20976,7345,1,2,80808,19740,CALHAN,CO,COL,"Denver-Aurora-Lakewood, CO"
20978,7346,1,2,80247,19740,DENVER,CO,COL,"Denver-Aurora-Lakewood, CO"
20980,7348,1,2,80110,19740,ENGLEWOOD,CO,COL,"Denver-Aurora-Lakewood, CO"
20982,7350,1,2,80123,19740,LITTLETON,CO,COL,"Denver-Aurora-Lakewood, CO"
20983,7351,1,1,80003,19740,ARVADA,CO,COL,"Denver-Aurora-Lakewood, CO"
20984,7352,1,2,80017,19740,AURORA,CO,COL,"Denver-Aurora-Lakewood, CO"
20987,7355,1,2,80113,19740,ENGLEWOOD,CO,COL,"Denver-Aurora-Lakewood, CO"
20989,7357,1,1,80022,19740,COMMERCE CITY,CO,COL,"Denver-Aurora-Lakewood, CO"
20994,7362,1,1,80205,19740,DENVER,CO,COL,"Denver-Aurora-Lakewood, CO"
20995,7363,1,2,80223,19740,DENVER,CO,COL,"Denver-Aurora-Lakewood, CO"
20996,7364,1,2,80012,19740,AURORA,CO,COL,"Denver-Aurora-Lakewood, CO"
20997,7365,1,2,80134,19740,PARKER,CO,COL,"Denver-Aurora-Lakewood, CO"
20998,7366,1,2,80239,19740,DENVER,CO,COL,"Denver-Aurora-Lakewood, CO"
20999,7367,1,1,80010,19740,AURORA,CO,COL,"Denver-Aurora-Lakewood, CO"
21000,7368,1,2,80012,19740,AURORA,CO,COL,"Denver-Aurora-Lakewood, CO"
21004,7371,1,2,80701,19740,FORT MORGAN,CO,COL,"Denver-Aurora-Lakewood, CO"
21008,7374,1,1,80123,19740,LITTLETON,CO,COL,"Denver-Aurora-Lakewood, CO"
21010,7376,1,2,80126,19740,LITTLETON,CO,COL,"Denver-Aurora-Lakewood, CO"
21014,7378,1,2,80642,19740,HUDSON,CO,COL,"Denver-Aurora-Lakewood, CO"
21015,7379,1,2,80124,19740,LONE TREE,CO,COL,"Denver-Aurora-Lakewood, CO"
21016,7380,1,2,80227,19740,DENVER,CO,COL,"Denver-Aurora-Lakewood, CO"
21021,7385,1,2,80135,19740,SEDALIA,CO,COL,"Denver-Aurora-Lakewood, CO"
21024,7388,1,2,80221,19740,DENVER,CO,COL,"Denver-Aurora-Lakewood, CO"
21025,7389,1,2,80246,19740,DENVER,CO,COL,"Denver-Aurora-Lakewood, CO"
21026,7390,1,1,80031,19740,WESTMINSTER,CO,COL,"Denver-Aurora-Lakewood, CO"
21027,7391,1,2,80205,19740,DENVER,CO,COL,"Denver-Aurora-Lakewood, CO"
21029,7393,1,2,80120,19740,LITTLETON,CO,COL,"Denver-Aurora-Lakewood, CO"
21031,7395,1,2,80215,19740,DENVER,CO,COL,"Denver-Aurora-Lakewood, CO"
21032,7396,1,2,80215,19740,DENVER,CO,COL,"Denver-Aurora-Lakewood, CO"
21033,7397,1,2,80233,19740,DENVER,CO,COL,"Denver-Aurora-Lakewood, CO"
21036,7400,1,1,80260,19740,DENVER,CO,COL,"Denver-Aurora-Lakewood, CO"
21043,7405,1,2,80227,19740,DENVER,CO,COL,"Denver-Aurora-Lakewood, CO"
21045,7407,1,2,80014,19740,AURORA,CO,COL,"Denver-Aurora-Lakewood, CO"
21049,7410,1,2,80138,19740,PARKER,CO,COL,"Denver-Aurora-Lakewood, CO"
21050,7411,1,1,80015,19740,AURORA,CO,COL,"Denver-Aurora-Lakewood, CO"
21052,7413,1,1,80015,19740,AURORA,CO,COL,"Denver-Aurora-Lakewood, CO"
21053,7414,1,2,80221,19740,DENVER,CO,COL,"Denver-Aurora-Lakewood, CO"
21054,7415,1,1,80014,19740,AURORA,CO,COL,"Denver-Aurora-Lakewood, CO"
21056,7416,1,1,80026,19740,LAFAYETTE,CO,COL,"Denver-Aurora-Lakewood, CO"
21057,7417,1,1,80030,19740,WESTMINSTER,CO,COL,"Denver-Aurora-Lakewood, CO"
21058,7418,1,1,80107,19740,ELIZABETH,CO,COL,"Denver-Aurora-Lakewood, CO"
21059,7419,1,1,80227,19740,DENVER,CO,COL,"Denver-Aurora-Lakewood, CO"
21060,7420,1,2,80031,19740,WESTMINSTER,CO,COL,"Denver-Aurora-Lakewood, CO"
21064,7424,1,2,80012,19740,AURORA,CO,COL,"Denver-Aurora-Lakewood, CO"
21066,7426,1,1,80011,19740,AURORA,CO,COL,"Denver-Aurora-Lakewood, CO"
21070,7430,1,2,80219,19740,DENVER,CO,COL,"Denver-Aurora-Lakewood, CO"
21078,7435,1,2,80130,19740,LITTLETON,CO,COL,"Denver-Aurora-Lakewood, CO"
21079,7436,1,2,80205,19740,DENVER,CO,COL,"Denver-Aurora-Lakewood, CO"
21081,7438,1,2,80128,19740,LITTLETON,CO,COL,"Denver-Aurora-Lakewood, CO"
21084,7441,1,2,80202,19740,DENVER,CO,COL,"Denver-Aurora-Lakewood, CO"
21085,7442,1,2,80202,19740,DENVER,CO,COL,"Denver-Aurora-Lakewood, CO"
21087,7443,1,2,80020,19740,BROOMFIELD,CO,COL,"Denver-Aurora-Lakewood, CO"
21089,7445,1,1,80218,19740,DENVER,CO,COL,"Denver-Aurora-Lakewood, CO"
21090,7446,1,2,80108,19740,CASTLE ROCK,CO,COL,"Denver-Aurora-Lakewood, CO"
21100,7454,1,2,80236,19740,DENVER,CO,COL,"Denver-Aurora-Lakewood, CO"
21101,7455,1,2,80015,19740,AURORA,CO,COL,"Denver-Aurora-Lakewood, CO"
21102,7456,1,2,80216,19740,DENVER,CO,COL,"Denver-Aurora-Lakewood, CO"
21103,7457,1,2,80238,19740,DENVER,CO,COL,"Denver-Aurora-Lakewood, CO"
21104,7458,1,1,80204,19740,DENVER,CO,COL,"Denver-Aurora-Lakewood, CO"
21105,7459,1,2,80237,19740,DENVER,CO,COL,"Denver-Aurora-Lakewood, CO"
21107,7461,1,1,80218,19740,DENVER,CO,COL,"Denver-Aurora-Lakewood, CO"
21108,7462,1,1,80211,19740,DENVER,CO,COL,"Denver-Aurora-Lakewood, CO"
21111,7465,1,1,80129,19740,LITTLETON,CO,COL,"Denver-Aurora-Lakewood, CO"
21112,7466,1,1,80219,19740,DENVER,CO,COL,"Denver-Aurora-Lakewood, CO"
21113,7467,1,1,80110,19740,ENGLEWOOD,CO,COL,"Denver-Aurora-Lakewood, CO"
21117,7470,1,2,80403,19740,GOLDEN,CO,COL,"Denver-Aurora-Lakewood, CO"
21118,7471,1,2,80223,19740,DENVER,CO,COL,"Denver-Aurora-Lakewood, CO"
21119,7472,1,2,80204,19740,DENVER,CO,COL,"Denver-Aurora-Lakewood, CO"
21128,7479,1,2,80214,19740,DENVER,CO,COL,"Denver-Aurora-Lakewood, CO"
21132,7481,1,2,80111,19740,ENGLEWOOD,CO,COL,"Denver-Aurora-Lakewood, CO"
21133,7482,1,2,80003,19740,ARVADA,CO,COL,"Denver-Aurora-Lakewood, CO"
21135,7483,1,2,80020,19740,BROOMFIELD,CO,COL,"Denver-Aurora-Lakewood, CO"
21136,7484,1,2,80003,19740,ARVADA,CO,COL,"Denver-Aurora-Lakewood, CO"
21138,7486,1,2,80109,19740,CASTLE ROCK,CO,COL,"Denver-Aurora-Lakewood, CO"
21139,7487,1,2,80129,19740,LITTLETON,CO,COL,"Denver-Aurora-Lakewood, CO"
21145,7492,1,1,80204,19740,DENVER,CO,COL,"Denver-Aurora-Lakewood, CO"
21147,7493,1,2,80023,19740,BROOMFIELD,CO,COL,"Denver-Aurora-Lakewood, CO"
21148,7494,1,2,80124,19740,LONE TREE,CO,COL,"Denver-Aurora-Lakewood, CO"
21153,7497,1,2,80219,19740,DENVER,CO,COL,"Denver-Aurora-Lakewood, CO"
21163,7503,1,2,80602,19740,BRIGHTON,CO,COL,"Denver-Aurora-Lakewood, CO"
21165,7505,1,1,80138,19740,PARKER,CO,COL,"Denver-Aurora-Lakewood, CO"
21169,7507,1,2,80516,19740,ERIE,CO,COL,"Denver-Aurora-Lakewood, CO"
21176,7511,1,2,80124,19740,LONE TREE,CO,COL,"Denver-Aurora-Lakewood, CO"
21177,7512,1,2,80134,19740,PARKER,CO,COL,"Denver-Aurora-Lakewood, CO"
21181,7515,1,2,80216,19740,DENVER,CO,COL,"Denver-Aurora-Lakewood, CO"
21182,7516,1,1,80013,19740,AURORA,CO,COL,"Denver-Aurora-Lakewood, CO"
21186,7519,1,2,80021,19740,BROOMFIELD,CO,COL,"Denver-Aurora-Lakewood, CO"
21187,7520,1,2,80206,19740,DENVER,CO,COL,"Denver-Aurora-Lakewood, CO"
21188,7521,1,2,80230,19740,DENVER,CO,COL,"Denver-Aurora-Lakewood, CO"
21189,7522,1,2,80211,19740,DENVER,CO,COL,"Denver-Aurora-Lakewood, CO"
21190,7523,1,2,80005,19740,ARVADA,CO,COL,"Denver-Aurora-Lakewood, CO"
21193,7525,1,2,80701,19740,FORT MORGAN,CO,COL,"Denver-Aurora-Lakewood, CO"
21195,7526,1,1,80014,19740,AURORA,CO,COL,"Denver-Aurora-Lakewood, CO"
21197,7528,1,2,80237,19740,DENVER,CO,COL,"Denver-Aurora-Lakewood, CO"
21198,7529,1,2,80014,19740,AURORA,CO,COL,"Denver-Aurora-Lakewood, CO"
21200,7530,1,2,80831,19740,PEYTON,CO,COL,"Denver-Aurora-Lakewood, CO"
21208,7536,1,1,80116,19740,FRANKTOWN,CO,COL,"Denver-Aurora-Lakewood, CO"
21209,7537,1,2,80820,19740,GUFFEY,CO,COL,"Denver-Aurora-Lakewood, CO"
21213,7541,1,2,80134,19740,PARKER,CO,COL,"Denver-Aurora-Lakewood, CO"
21215,7543,1,2,80112,19740,ENGLEWOOD,CO,COL,"Denver-Aurora-Lakewood, CO"
21217,7545,1,2,80216,19740,DENVER,CO,COL,"Denver-Aurora-Lakewood, CO"
21219,7547,1,2,80022,19740,COMMERCE CITY,CO,COL,"Denver-Aurora-Lakewood, CO"
21220,7548,1,2,80022,19740,COMMERCE CITY,CO,COL,"Denver-Aurora-Lakewood, CO"
21222,7550,1,1,80003,19740,ARVADA,CO,COL,"Denver-Aurora-Lakewood, CO"
21223,7551,1,2,80013,19740,AURORA,CO,COL,"Denver-Aurora-Lakewood, CO"
21226,7554,1,2,80246,19740,DENVER,CO,COL,"Denver-Aurora-Lakewood, CO"
21228,7555,1,2,80023,19740,BROOMFIELD,CO,COL,"Denver-Aurora-Lakewood, CO"
21230,7556,1,2,80020,19740,BROOMFIELD,CO,COL,"Denver-Aurora-Lakewood, CO"
21241,7563,1,2,80205,19740,DENVER,CO,COL,"Denver-Aurora-Lakewood, CO"
21245,7566,1,2,80401,19740,GOLDEN,CO,COL,"Denver-Aurora-Lakewood, CO"
21248,7568,1,2,80205,19740,DENVER,CO,COL,"Denver-Aurora-Lakewood, CO"
21250,7569,1,2,80026,19740,LAFAYETTE,CO,COL,"Denver-Aurora-Lakewood, CO"
21251,7570,1,2,80128,19740,LITTLETON,CO,COL,"Denver-Aurora-Lakewood, CO"
21252,7571,1,1,80001,19740,ARVADA,CO,COL,"Denver-Aurora-Lakewood, CO"
21254,7573,1,2,80828,19740,LIMON,CO,COL,"Denver-Aurora-Lakewood, CO"
21257,7575,1,1,80209,19740,DENVER,CO,COL,"Denver-Aurora-Lakewood, CO"
21258,7576,1,1,80204,19740,DENVER,CO,COL,"Denver-Aurora-Lakewood, CO"
21260,7578,1,2,80210,19740,DENVER,CO,COL,"Denver-Aurora-Lakewood, CO"
21264,7581,1,1,80126,19740,LITTLETON,CO,COL,"Denver-Aurora-Lakewood, CO"
21265,7582,1,1,80204,19740,DENVER,CO,COL,"Denver-Aurora-Lakewood, CO"
21266,7583,1,2,80033,19740,WHEAT RIDGE,CO,COL,"Denver-Aurora-Lakewood, CO"
21267,7584,1,2,80234,19740,DENVER,CO,COL,"Denver-Aurora-Lakewood, CO"
21268,7585,1,2,80231,19740,DENVER,CO,COL,"Denver-Aurora-Lakewood, CO"
21269,7586,1,2,80031,19740,WESTMINSTER,CO,COL,"Denver-Aurora-Lakewood, CO"
21274,7591,1,2,80215,19740,DENVER,CO,COL,"Denver-Aurora-Lakewood, CO"
21279,7596,1,2,80031,19740,WESTMINSTER,CO,COL,"Denver-Aurora-Lakewood, CO"
21280,7597,1,2,80102,19740,BENNETT,CO,COL,"Denver-Aurora-Lakewood, CO"
21281,7598,1,1,80104,19740,CASTLE ROCK,CO,COL,"Denver-Aurora-Lakewood, CO"
21283,7600,1,2,80130,19740,LITTLETON,CO,COL,"Denver-Aurora-Lakewood, CO"
21284,7601,1,2,80127,19740,LITTLETON,CO,COL,"Denver-Aurora-Lakewood, CO"
21288,7604,1,2,80121,19740,LITTLETON,CO,COL,"Denver-Aurora-Lakewood, CO"
21291,7606,1,1,80023,19740,BROOMFIELD,CO,COL,"Denver-Aurora-Lakewood, CO"
21292,7607,1,2,80229,19740,DENVER,CO,COL,"Denver-Aurora-Lakewood, CO"
21294,7609,1,1,80212,19740,DENVER,CO,COL,"Denver-Aurora-Lakewood, CO"
21296,7611,1,1,80218,19740,DENVER,CO,COL,"Denver-Aurora-Lakewood, CO"
21299,7613,1,1,80121,19740,LITTLETON,CO,COL,"Denver-Aurora-Lakewood, CO"
21303,7615,1,2,80206,19740,DENVER,CO,COL,"Denver-Aurora-Lakewood, CO"
21304,7616,1,2,80204,19740,DENVER,CO,COL,"Denver-Aurora-Lakewood, CO"
21313,7621,1,2,80465,19740,MORRISON,CO,COL,"Denver-Aurora-Lakewood, CO"
21318,7625,1,1,80012,19740,AURORA,CO,COL,"Denver-Aurora-Lakewood, CO"
21319,7626,1,2,80134,19740,PARKER,CO,COL,"Denver-Aurora-Lakewood, CO"
21321,7628,1,2,80130,19740,LITTLETON,CO,COL,"Denver-Aurora-Lakewood, CO"
21323,7630,1,2,80209,19740,DENVER,CO,COL,"Denver-Aurora-Lakewood, CO"
21324,7631,1,2,80033,19740,WHEAT RIDGE,CO,COL,"Denver-Aurora-Lakewood, CO"
21328,7634,1,1,80015,19740,AURORA,CO,COL,"Denver-Aurora-Lakewood, CO"
21332,7638,1,2,80206,19740,DENVER,CO,COL,"Denver-Aurora-Lakewood, CO"
21333,7639,1,1,80246,19740,DENVER,CO,COL,"Denver-Aurora-Lakewood, CO"
21335,7640,1,2,80516,19740,ERIE,CO,COL,"Denver-Aurora-Lakewood, CO"
21337,7641,1,2,80013,19740,AURORA,CO,COL,"Denver-Aurora-Lakewood, CO"
21343,7645,1,2,80516,19740,ERIE,CO,COL,"Denver-Aurora-Lakewood, CO"
21346,7647,1,2,80138,19740,PARKER,CO,COL,"Denver-Aurora-Lakewood, CO"
21349,7649,1,1,80231,19740,DENVER,CO,COL,"Denver-Aurora-Lakewood, CO"
21350,7650,1,2,80449,19740,HARTSEL,CO,COL,"Denver-Aurora-Lakewood, CO"
21352,7652,1,2,80205,19740,DENVER,CO,COL,"Denver-Aurora-Lakewood, CO"
21353,7653,1,2,80125,19740,LITTLETON,CO,COL,"Denver-Aurora-Lakewood, CO"
21355,7654,1,2,80601,19740,BRIGHTON,CO,COL,"Denver-Aurora-Lakewood, CO"
21356,7655,1,2,80247,19740,DENVER,CO,COL,"Denver-Aurora-Lakewood, CO"
21358,7657,1,2,80222,19740,DENVER,CO,COL,"Denver-Aurora-Lakewood, CO"
21360,7658,1,2,80602,19740,BRIGHTON,CO,COL,"Denver-Aurora-Lakewood, CO"
21362,7660,1,1,80011,19740,AURORA,CO,COL,"Denver-Aurora-Lakewood, CO"
21363,7661,1,1,80013,19740,AURORA,CO,COL,"Denver-Aurora-Lakewood, CO"
21365,7663,1,1,80224,19740,DENVER,CO,COL,"Denver-Aurora-Lakewood, CO"
21367,7665,1,2,80231,19740,DENVER,CO,COL,"Denver-Aurora-Lakewood, CO"
21373,7669,1,1,80129,19740,LITTLETON,CO,COL,"Denver-Aurora-Lakewood, CO"
21376,7671,1,2,80110,19740,ENGLEWOOD,CO,COL,"Denver-Aurora-Lakewood, CO"
21377,7672,1,1,80015,19740,AURORA,CO,COL,"Denver-Aurora-Lakewood, CO"
21378,7673,1,1,80003,19740,ARVADA,CO,COL,"Denver-Aurora-Lakewood, CO"
21379,7674,1,2,80203,19740,DENVER,CO,COL,"Denver-Aurora-Lakewood, CO"
21381,7676,1,2,80220,19740,DENVER,CO,COL,"Denver-Aurora-Lakewood, CO"
21384,7679,1,2,80013,19740,AURORA,CO,COL,"Denver-Aurora-Lakewood, CO"
21386,7681,1,1,80104,19740,CASTLE ROCK,CO,COL,"Denver-Aurora-Lakewood, CO"
21388,7683,1,2,80127,19740,LITTLETON,CO,COL,"Denver-Aurora-Lakewood, CO"
21392,7686,1,2,80601,19740,BRIGHTON,CO,COL,"Denver-Aurora-Lakewood, CO"
21395,7689,1,1,80013,19740,AURORA,CO,COL,"Denver-Aurora-Lakewood, CO"
21396,7690,1,2,80030,19740,WESTMINSTER,CO,COL,"Denver-Aurora-Lakewood, CO"
21398,7691,1,2,80831,19740,PEYTON,CO,COL,"Denver-Aurora-Lakewood, CO"
21400,7692,1,2,80601,19740,BRIGHTON,CO,COL,"Denver-Aurora-Lakewood, CO"
21403,7695,1,1,80219,19740,DENVER,CO,COL,"Denver-Aurora-Lakewood, CO"
21404,7696,1,2,80021,19740,BROOMFIELD,CO,COL,"Denver-Aurora-Lakewood, CO"
21408,7699,1,1,80232,19740,DENVER,CO,COL,"Denver-Aurora-Lakewood, CO"
21411,7702,1,2,80219,19740,DENVER,CO,COL,"Denver-Aurora-Lakewood, CO"
21412,7703,1,2,80205,19740,DENVER,CO,COL,"Denver-Aurora-Lakewood, CO"
21413,7704,1,2,80013,19740,AURORA,CO,COL,"Denver-Aurora-Lakewood, CO"
21415,7706,1,2,80111,19740,ENGLEWOOD,CO,COL,"Denver-Aurora-Lakewood, CO"
21416,7707,1,2,80202,19740,DENVER,CO,COL,"Denver-Aurora-Lakewood, CO"
21417,7708,1,1,80134,19740,PARKER,CO,COL,"Denver-Aurora-Lakewood, CO"
21418,7709,1,2,80401,19740,GOLDEN,CO,COL,"Denver-Aurora-Lakewood, CO"
21419,7710,1,1,80047,19740,AURORA,CO,COL,"Denver-Aurora-Lakewood, CO"
21421,7712,1,2,80303,19740,BOULDER,CO,COL,"Denver-Aurora-Lakewood, CO"
21424,7713,1,2,80106,19740,ELBERT,CO,COL,"Denver-Aurora-Lakewood, CO"
21425,7714,1,2,80005,19740,ARVADA,CO,COL,"Denver-Aurora-Lakewood, CO"
21428,7716,1,2,80026,19740,LAFAYETTE,CO,COL,"Denver-Aurora-Lakewood, CO"
21429,7717,1,2,80124,19740,LONE TREE,CO,COL,"Denver-Aurora-Lakewood, CO"
21431,7719,1,1,80260,19740,DENVER,CO,COL,"Denver-Aurora-Lakewood, CO"
21433,7720,1,2,80516,19740,ERIE,CO,COL,"Denver-Aurora-Lakewood, CO"
21435,7721,1,2,80134,19740,PARKER,CO,COL,"Denver-Aurora-Lakewood, CO"
21436,7722,1,2,80134,19740,PARKER,CO,COL,"Denver-Aurora-Lakewood, CO"
21437,7723,1,2,80121,19740,LITTLETON,CO,COL,"Denver-Aurora-Lakewood, CO"
21438,7724,1,2,80012,19740,AURORA,CO,COL,"Denver-Aurora-Lakewood, CO"
21441,7727,1,2,80018,19740,AURORA,CO,COL,"Denver-Aurora-Lakewood, CO"
21444,7729,1,2,80516,19740,ERIE,CO,COL,"Denver-Aurora-Lakewood, CO"
21446,7730,1,2,80219,19740,DENVER,CO,COL,"Denver-Aurora-Lakewood, CO"
21448,7732,1,2,80022,19740,COMMERCE CITY,CO,COL,"Denver-Aurora-Lakewood, CO"
21451,7734,1,2,80220,19740,DENVER,CO,COL,"Denver-Aurora-Lakewood, CO"
21452,7735,1,2,80206,19740,DENVER,CO,COL,"Denver-Aurora-Lakewood, CO"
21453,7736,1,2,80005,19740,ARVADA,CO,COL,"Denver-Aurora-Lakewood, CO"
21455,7738,1,2,80211,19740,DENVER,CO,COL,"Denver-Aurora-Lakewood, CO"
21457,7740,1,2,80112,19740,ENGLEWOOD,CO,COL,"Denver-Aurora-Lakewood, CO"
21458,7741,1,2,80111,19740,ENGLEWOOD,CO,COL,"Denver-Aurora-Lakewood, CO"
21460,7743,1,1,80002,19740,ARVADA,CO,COL,"Denver-Aurora-Lakewood, CO"
21463,7745,1,2,80516,19740,ERIE,CO,COL,"Denver-Aurora-Lakewood, CO"
21465,7746,1,2,80018,19740,AURORA,CO,COL,"Denver-Aurora-Lakewood, CO"
21467,7748,1,2,80222,19740,DENVER,CO,COL,"Denver-Aurora-Lakewood, CO"
21469,7750,1,2,80452,19740,IDAHO SPRINGS,CO,COL,"Denver-Aurora-Lakewood, CO"
21471,7752,1,2,80120,19740,LITTLETON,CO,COL,"Denver-Aurora-Lakewood, CO"
21475,7754,1,2,80470,19740,PINE,CO,COL,"Denver-Aurora-Lakewood, CO"
21477,7756,1,2,80214,19740,DENVER,CO,COL,"Denver-Aurora-Lakewood, CO"
21478,7757,1,2,80226,19740,DENVER,CO,COL,"Denver-Aurora-Lakewood, CO"
21479,7758,1,2,80211,19740,DENVER,CO,COL,"Denver-Aurora-Lakewood, CO"
21482,7760,1,2,80026,19740,LAFAYETTE,CO,COL,"Denver-Aurora-Lakewood, CO"
21485,7762,1,2,80007,19740,ARVADA,CO,COL,"Denver-Aurora-Lakewood, CO"
21486,7763,1,2,80223,19740,DENVER,CO,COL,"Denver-Aurora-Lakewood, CO"
21488,7765,1,2,80005,19740,ARVADA,CO,COL,"Denver-Aurora-Lakewood, CO"
21489,7766,1,2,80237,19740,DENVER,CO,COL,"Denver-Aurora-Lakewood, CO"
21490,7767,1,2,80203,19740,DENVER,CO,COL,"Denver-Aurora-Lakewood, CO"
21491,7768,1,2,80229,19740,DENVER,CO,COL,"Denver-Aurora-Lakewood, CO"
21492,7769,1,2,80117,19740,KIOWA,CO,COL,"Denver-Aurora-Lakewood, CO"
21495,7771,1,2,80224,19740,DENVER,CO,COL,"Denver-Aurora-Lakewood, CO"
21496,7772,1,2,80010,19740,AURORA,CO,COL,"Denver-Aurora-Lakewood, CO"
21497,7773,1,2,80016,19740,AURORA,CO,COL,"Denver-Aurora-Lakewood, CO"
21498,7774,1,2,80224,19740,DENVER,CO,COL,"Denver-Aurora-Lakewood, CO"
21499,7775,1,2,80112,19740,ENGLEWOOD,CO,COL,"Denver-Aurora-Lakewood, CO"
21502,7777,1,2,80816,19740,FLORISSANT,CO,COL,"Denver-Aurora-Lakewood, CO"
21508,7781,1,1,80831,19740,PEYTON,CO,COL,"Denver-Aurora-Lakewood, CO"
21510,7783,1,2,80007,19740,ARVADA,CO,COL,"Denver-Aurora-Lakewood, CO"
21511,7784,1,1,80122,19740,LITTLETON,CO,COL,"Denver-Aurora-Lakewood, CO"
21513,7785,1,1,80023,19740,BROOMFIELD,CO,COL,"Denver-Aurora-Lakewood, CO"
21515,7786,1,1,80601,19740,BRIGHTON,CO,COL,"Denver-Aurora-Lakewood, CO"
21516,7787,1,2,80108,19740,CASTLE ROCK,CO,COL,"Denver-Aurora-Lakewood, CO"
21523,7793,1,2,80205,19740,DENVER,CO,COL,"Denver-Aurora-Lakewood, CO"
21526,7796,1,2,80127,19740,LITTLETON,CO,COL,"Denver-Aurora-Lakewood, CO"
21531,7800,1,2,80222,19740,DENVER,CO,COL,"Denver-Aurora-Lakewood, CO"
21533,7801,1,2,80422,19740,BLACK HAWK,CO,COL,"Denver-Aurora-Lakewood, CO"
21540,7806,1,2,80241,19740,THORNTON,CO,COL,"Denver-Aurora-Lakewood, CO"
21541,7807,1,2,80241,19740,THORNTON,CO,COL,"Denver-Aurora-Lakewood, CO"
21545,7811,1,2,80238,19740,DENVER,CO,COL,"Denver-Aurora-Lakewood, CO"
21546,7812,1,2,80214,19740,DENVER,CO,COL,"Denver-Aurora-Lakewood, CO"
21548,7814,1,2,80022,19740,COMMERCE CITY,CO,COL,"Denver-Aurora-Lakewood, CO"
21549,7815,1,2,80128,19740,LITTLETON,CO,COL,"Denver-Aurora-Lakewood, CO"
21550,7816,1,1,80421,19740,BAILEY,CO,COL,"Denver-Aurora-Lakewood, CO"
21551,7817,1,2,80220,19740,DENVER,CO,COL,"Denver-Aurora-Lakewood, CO"
21552,7818,1,2,80202,19740,DENVER,CO,COL,"Denver-Aurora-Lakewood, CO"
21553,7819,1,2,80027,19740,LOUISVILLE,CO,COL,"Denver-Aurora-Lakewood, CO"
21556,7821,1,2,80222,19740,DENVER,CO,COL,"Denver-Aurora-Lakewood, CO"
21557,7822,1,1,80204,19740,DENVER,CO,COL,"Denver-Aurora-Lakewood, CO"
21558,7823,1,1,80221,19740,DENVER,CO,COL,"Denver-Aurora-Lakewood, CO"
21560,7824,1,1,80831,19740,PEYTON,CO,COL,"Denver-Aurora-Lakewood, CO"
21563,7826,1,1,80260,19740,DENVER,CO,COL,"Denver-Aurora-Lakewood, CO"
21564,7827,1,2,80260,19740,DENVER,CO,COL,"Denver-Aurora-Lakewood, CO"
21565,7828,1,2,80249,19740,DENVER,CO,COL,"Denver-Aurora-Lakewood, CO"
21570,7832,1,2,80102,19740,BENNETT,CO,COL,"Denver-Aurora-Lakewood, CO"
21571,7833,1,2,80011,19740,AURORA,CO,COL,"Denver-Aurora-Lakewood, CO"
21573,7834,1,1,80601,19740,BRIGHTON,CO,COL,"Denver-Aurora-Lakewood, CO"
21574,7835,1,1,80214,19740,DENVER,CO,COL,"Denver-Aurora-Lakewood, CO"
21575,7836,1,2,80105,19740,DEER TRAIL,CO,COL,"Denver-Aurora-Lakewood, CO"
21576,7837,1,2,80212,19740,DENVER,CO,COL,"Denver-Aurora-Lakewood, CO"
21577,7838,1,2,80236,19740,DENVER,CO,COL,"Denver-Aurora-Lakewood, CO"
21578,7839,1,2,80231,19740,DENVER,CO,COL,"Denver-Aurora-Lakewood, CO"
21580,7840,1,2,80516,19740,ERIE,CO,COL,"Denver-Aurora-Lakewood, CO"
21582,7841,1,2,80202,19740,DENVER,CO,COL,"Denver-Aurora-Lakewood, CO"
21583,7842,1,2,80247,19740,DENVER,CO,COL,"Denver-Aurora-Lakewood, CO"
21584,7843,1,2,80104,19740,CASTLE ROCK,CO,COL,"Denver-Aurora-Lakewood, CO"
21585,7844,1,2,80015,19740,AURORA,CO,COL,"Denver-Aurora-Lakewood, CO"
21587,7846,1,2,80229,19740,DENVER,CO,COL,"Denver-Aurora-Lakewood, CO"
21590,7849,1,2,80233,19740,DENVER,CO,COL,"Denver-Aurora-Lakewood, CO"
21591,7850,1,2,80123,19740,LITTLETON,CO,COL,"Denver-Aurora-Lakewood, CO"
21592,7851,1,2,80003,19740,ARVADA,CO,COL,"Denver-Aurora-Lakewood, CO"
21593,7852,1,2,80260,19740,DENVER,CO,COL,"Denver-Aurora-Lakewood, CO"
21596,7855,1,1,80248,19740,DENVER,CO,COL,"Denver-Aurora-Lakewood, CO"
21597,7856,1,2,80016,19740,AURORA,CO,COL,"Denver-Aurora-Lakewood, CO"
21599,7857,1,1,80023,19740,BROOMFIELD,CO,COL,"Denver-Aurora-Lakewood, CO"
21600,7858,1,1,80215,19740,DENVER,CO,COL,"Denver-Aurora-Lakewood, CO"
21602,7860,1,2,80015,19740,AURORA,CO,COL,"Denver-Aurora-Lakewood, CO"
21603,7861,1,1,80003,19740,ARVADA,CO,COL,"Denver-Aurora-Lakewood, CO"
21604,7862,1,2,80013,19740,AURORA,CO,COL,"Denver-Aurora-Lakewood, CO"
21606,7864,1,1,80239,19740,DENVER,CO,COL,"Denver-Aurora-Lakewood, CO"
21607,7865,1,2,80233,19740,DENVER,CO,COL,"Denver-Aurora-Lakewood, CO"
21609,7866,1,1,80020,19740,BROOMFIELD,CO,COL,"Denver-Aurora-Lakewood, CO"
21610,7867,1,1,80220,19740,DENVER,CO,COL,"Denver-Aurora-Lakewood, CO"
21611,7868,1,2,80012,19740,AURORA,CO,COL,"Denver-Aurora-Lakewood, CO"
21613,7870,1,1,80007,19740,ARVADA,CO,COL,"Denver-Aurora-Lakewood, CO"
21616,7872,1,2,80014,19740,AURORA,CO,COL,"Denver-Aurora-Lakewood, CO"
21619,7874,1,2,80018,19740,AURORA,CO,COL,"Denver-Aurora-Lakewood, CO"
21628,7878,1,2,80012,19740,AURORA,CO,COL,"Denver-Aurora-Lakewood, CO"
21630,7880,1,2,80130,19740,LITTLETON,CO,COL,"Denver-Aurora-Lakewood, CO"
21631,7881,1,2,80210,19740,DENVER,CO,COL,"Denver-Aurora-Lakewood, CO"
21633,7883,1,1,80231,19740,DENVER,CO,COL,"Denver-Aurora-Lakewood, CO"
21634,7884,1,2,80005,19740,ARVADA,CO,COL,"Denver-Aurora-Lakewood, CO"
21635,7885,1,2,80108,19740,CASTLE ROCK,CO,COL,"Denver-Aurora-Lakewood, CO"
21636,7886,1,2,80204,19740,DENVER,CO,COL,"Denver-Aurora-Lakewood, CO"
21638,7888,1,2,80216,19740,DENVER,CO,COL,"Denver-Aurora-Lakewood, CO"
21640,7890,1,2,80233,19740,DENVER,CO,COL,"Denver-Aurora-Lakewood, CO"
21644,7894,1,1,80212,19740,DENVER,CO,COL,"Denver-Aurora-Lakewood, CO"
21648,7897,1,2,80218,19740,DENVER,CO,COL,"Denver-Aurora-Lakewood, CO"
21649,7898,1,2,80022,19740,COMMERCE CITY,CO,COL,"Denver-Aurora-Lakewood, CO"
21651,7900,1,2,80017,19740,AURORA,CO,COL,"Denver-Aurora-Lakewood, CO"
21654,7902,1,2,80229,19740,DENVER,CO,COL,"Denver-Aurora-Lakewood, CO"
21655,7903,1,2,80227,19740,DENVER,CO,COL,"Denver-Aurora-Lakewood, CO"
21656,7904,1,2,80021,19740,BROOMFIELD,CO,COL,"Denver-Aurora-Lakewood, CO"
21657,7905,1,2,80015,19740,AURORA,CO,COL,"Denver-Aurora-Lakewood, CO"
21658,7906,1,2,80013,19740,AURORA,CO,COL,"Denver-Aurora-Lakewood, CO"
21659,7907,1,2,80234,19740,DENVER,CO,COL,"Denver-Aurora-Lakewood, CO"
21660,7908,1,2,80219,19740,DENVER,CO,COL,"Denver-Aurora-Lakewood, CO"
21661,7909,1,2,80211,19740,DENVER,CO,COL,"Denver-Aurora-Lakewood, CO"
21662,7910,1,2,80228,19740,DENVER,CO,COL,"Denver-Aurora-Lakewood, CO"
21664,7912,1,2,80204,19740,DENVER,CO,COL,"Denver-Aurora-Lakewood, CO"
21665,7913,1,2,80204,19740,DENVER,CO,COL,"Denver-Aurora-Lakewood, CO"
21666,7914,1,2,80229,19740,DENVER,CO,COL,"Denver-Aurora-Lakewood, CO"
21668,7916,1,1,80260,19740,DENVER,CO,COL,"Denver-Aurora-Lakewood, CO"
21669,7917,1,2,80229,19740,DENVER,CO,COL,"Denver-Aurora-Lakewood, CO"
21670,7918,1,2,80238,19740,DENVER,CO,COL,"Denver-Aurora-Lakewood, CO"
21672,7920,1,2,80112,19740,ENGLEWOOD,CO,COL,"Denver-Aurora-Lakewood, CO"
21673,7921,1,2,80010,19740,AURORA,CO,COL,"Denver-Aurora-Lakewood, CO"
21674,7922,1,2,80017,19740,AURORA,CO,COL,"Denver-Aurora-Lakewood, CO"
21678,7926,1,2,80233,19740,DENVER,CO,COL,"Denver-Aurora-Lakewood, CO"
21679,7927,1,2,80002,19740,ARVADA,CO,COL,"Denver-Aurora-Lakewood, CO"
21686,7933,1,1,80701,19740,FORT MORGAN,CO,COL,"Denver-Aurora-Lakewood, CO"
21689,7934,1,2,80863,19740,WOODLAND PARK,CO,COL,"Denver-Aurora-Lakewood, CO"
21690,7935,1,2,80012,19740,AURORA,CO,COL,"Denver-Aurora-Lakewood, CO"
21693,7937,1,1,80219,19740,DENVER,CO,COL,"Denver-Aurora-Lakewood, CO"
21695,7939,1,2,80010,19740,AURORA,CO,COL,"Denver-Aurora-Lakewood, CO"
21704,7946,1,2,80218,19740,DENVER,CO,COL,"Denver-Aurora-Lakewood, CO"
21706,7948,1,2,80231,19740,DENVER,CO,COL,"Denver-Aurora-Lakewood, CO"
21714,7954,1,2,80227,19740,DENVER,CO,COL,"Denver-Aurora-Lakewood, CO"
21715,7955,1,2,80003,19740,ARVADA,CO,COL,"Denver-Aurora-Lakewood, CO"
21716,7956,1,2,80022,19740,COMMERCE CITY,CO,COL,"Denver-Aurora-Lakewood, CO"
21717,7957,1,2,80235,19740,DENVER,CO,COL,"Denver-Aurora-Lakewood, CO"
21727,7965,1,2,80231,19740,DENVER,CO,COL,"Denver-Aurora-Lakewood, CO"
21728,7966,1,2,80228,19740,DENVER,CO,COL,"Denver-Aurora-Lakewood, CO"
21729,7967,1,2,80129,19740,LITTLETON,CO,COL,"Denver-Aurora-Lakewood, CO"
21731,7969,1,1,80232,19740,DENVER,CO,COL,"Denver-Aurora-Lakewood, CO"
21734,7971,1,2,80241,19740,THORNTON,CO,COL,"Denver-Aurora-Lakewood, CO"
21736,7973,1,2,80211,19740,DENVER,CO,COL,"Denver-Aurora-Lakewood, CO"
21739,7975,1,2,80220,19740,DENVER,CO,COL,"Denver-Aurora-Lakewood, CO"
21747,7978,1,1,80831,19740,PEYTON,CO,COL,"Denver-Aurora-Lakewood, CO"
21748,7979,1,1,80012,19740,AURORA,CO,COL,"Denver-Aurora-Lakewood, CO"
21750,7980,1,2,80601,19740,BRIGHTON,CO,COL,"Denver-Aurora-Lakewood, CO"
21751,7981,1,1,80031,19740,WESTMINSTER,CO,COL,"Denver-Aurora-Lakewood, CO"
21753,7983,1,2,80221,19740,DENVER,CO,COL,"Denver-Aurora-Lakewood, CO"
21755,7984,1,2,80020,19740,BROOMFIELD,CO,COL,"Denver-Aurora-Lakewood, CO"
21756,7985,1,2,80249,19740,DENVER,CO,COL,"Denver-Aurora-Lakewood, CO"
21758,7987,1,2,80110,19740,ENGLEWOOD,CO,COL,"Denver-Aurora-Lakewood, CO"
21759,7988,1,2,80219,19740,DENVER,CO,COL,"Denver-Aurora-Lakewood, CO"
21760,7989,1,1,80014,19740,AURORA,CO,COL,"Denver-Aurora-Lakewood, CO"
21762,7991,1,2,80233,19740,DENVER,CO,COL,"Denver-Aurora-Lakewood, CO"
21763,7992,1,2,80014,19740,AURORA,CO,COL,"Denver-Aurora-Lakewood, CO"
21765,7994,1,2,80030,19740,WESTMINSTER,CO,COL,"Denver-Aurora-Lakewood, CO"
21766,7995,1,2,80014,19740,AURORA,CO,COL,"Denver-Aurora-Lakewood, CO"
21768,7996,1,2,80403,19740,GOLDEN,CO,COL,"Denver-Aurora-Lakewood, CO"
21774,8001,1,2,80214,19740,DENVER,CO,COL,"Denver-Aurora-Lakewood, CO"
21775,8002,1,2,80231,19740,DENVER,CO,COL,"Denver-Aurora-Lakewood, CO"
21779,8005,1,2,80216,19740,DENVER,CO,COL,"Denver-Aurora-Lakewood, CO"
21780,8006,1,1,80012,19740,AURORA,CO,COL,"Denver-Aurora-Lakewood, CO"
21783,8008,1,2,80516,19740,ERIE,CO,COL,"Denver-Aurora-Lakewood, CO"
21785,8009,1,2,80015,19740,AURORA,CO,COL,"Denver-Aurora-Lakewood, CO"
21786,8010,1,2,80229,19740,DENVER,CO,COL,"Denver-Aurora-Lakewood, CO"
21787,8011,1,2,80236,19740,DENVER,CO,COL,"Denver-Aurora-Lakewood, CO"
21791,8014,1,1,80863,19740,WOODLAND PARK,CO,COL,"Denver-Aurora-Lakewood, CO"
21793,8016,1,2,80233,19740,DENVER,CO,COL,"Denver-Aurora-Lakewood, CO"
21794,8017,1,2,80231,19740,DENVER,CO,COL,"Denver-Aurora-Lakewood, CO"
21795,8018,1,2,80003,19740,ARVADA,CO,COL,"Denver-Aurora-Lakewood, CO"
21798,8020,1,2,80126,19740,LITTLETON,CO,COL,"Denver-Aurora-Lakewood, CO"
21799,8021,1,2,80210,19740,DENVER,CO,COL,"Denver-Aurora-Lakewood, CO"
21802,8023,1,2,80117,19740,KIOWA,CO,COL,"Denver-Aurora-Lakewood, CO"
21804,8025,1,2,80120,19740,LITTLETON,CO,COL,"Denver-Aurora-Lakewood, CO"
21806,8027,1,2,80260,19740,DENVER,CO,COL,"Denver-Aurora-Lakewood, CO"
21809,8030,1,2,80033,19740,WHEAT RIDGE,CO,COL,"Denver-Aurora-Lakewood, CO"
21810,8031,1,2,80246,19740,DENVER,CO,COL,"Denver-Aurora-Lakewood, CO"
21812,8033,1,1,80229,19740,DENVER,CO,COL,"Denver-Aurora-Lakewood, CO"
21815,8034,1,2,80654,19740,WIGGINS,CO,COL,"Denver-Aurora-Lakewood, CO"
21816,8035,1,2,80207,19740,DENVER,CO,COL,"Denver-Aurora-Lakewood, CO"
21817,8036,1,1,80011,19740,AURORA,CO,COL,"Denver-Aurora-Lakewood, CO"
21818,8037,1,1,80218,19740,DENVER,CO,COL,"Denver-Aurora-Lakewood, CO"
21826,8042,1,2,80011,19740,AURORA,CO,COL,"Denver-Aurora-Lakewood, CO"
21829,8045,1,2,80022,19740,COMMERCE CITY,CO,COL,"Denver-Aurora-Lakewood, CO"
21834,8048,1,2,80014,19740,AURORA,CO,COL,"Denver-Aurora-Lakewood, CO"
21835,8049,1,1,80219,19740,DENVER,CO,COL,"Denver-Aurora-Lakewood, CO"
21836,8050,1,2,80015,19740,AURORA,CO,COL,"Denver-Aurora-Lakewood, CO"
21844,8056,1,2,80012,19740,AURORA,CO,COL,"Denver-Aurora-Lakewood, CO"
21845,8057,1,1,80129,19740,LITTLETON,CO,COL,"Denver-Aurora-Lakewood, CO"
21846,8058,1,2,80224,19740,DENVER,CO,COL,"Denver-Aurora-Lakewood, CO"
21850,8061,1,2,80104,19740,CASTLE ROCK,CO,COL,"Denver-Aurora-Lakewood, CO"
21851,8062,1,2,80123,19740,LITTLETON,CO,COL,"Denver-Aurora-Lakewood, CO"
21853,8064,1,1,80241,19740,THORNTON,CO,COL,"Denver-Aurora-Lakewood, CO"
21854,8065,1,2,80015,19740,AURORA,CO,COL,"Denver-Aurora-Lakewood, CO"
21855,8066,1,2,80231,19740,DENVER,CO,COL,"Denver-Aurora-Lakewood, CO"
21856,8067,1,2,80214,19740,DENVER,CO,COL,"Denver-Aurora-Lakewood, CO"
21859,8070,1,1,80015,19740,AURORA,CO,COL,"Denver-Aurora-Lakewood, CO"
21862,8073,1,2,80014,19740,AURORA,CO,COL,"Denver-Aurora-Lakewood, CO"
21864,8075,1,2,80215,19740,DENVER,CO,COL,"Denver-Aurora-Lakewood, CO"
21865,8076,1,2,80138,19740,PARKER,CO,COL,"Denver-Aurora-Lakewood, CO"
21866,8077,1,2,80217,19740,DENVER,CO,COL,"Denver-Aurora-Lakewood, CO"
21867,8078,1,2,80012,19740,AURORA,CO,COL,"Denver-Aurora-Lakewood, CO"
21869,8080,1,2,80227,19740,DENVER,CO,COL,"Denver-Aurora-Lakewood, CO"
21872,8083,1,1,80204,19740,DENVER,CO,COL,"Denver-Aurora-Lakewood, CO"
21874,8084,1,2,80831,19740,PEYTON,CO,COL,"Denver-Aurora-Lakewood, CO"
21875,8085,1,2,80454,19740,INDIAN HILLS,CO,COL,"Denver-Aurora-Lakewood, CO"
21876,8086,1,2,80018,19740,AURORA,CO,COL,"Denver-Aurora-Lakewood, CO"
21884,8091,1,2,80126,19740,LITTLETON,CO,COL,"Denver-Aurora-Lakewood, CO"
21885,8092,1,2,80109,19740,CASTLE ROCK,CO,COL,"Denver-Aurora-Lakewood, CO"
21887,8094,1,2,80218,19740,DENVER,CO,COL,"Denver-Aurora-Lakewood, CO"
21888,8095,1,2,80241,19740,THORNTON,CO,COL,"Denver-Aurora-Lakewood, CO"
21891,8097,1,1,80246,19740,DENVER,CO,COL,"Denver-Aurora-Lakewood, CO"
21892,8098,1,2,80122,19740,LITTLETON,CO,COL,"Denver-Aurora-Lakewood, CO"
21894,8100,1,2,80241,19740,THORNTON,CO,COL,"Denver-Aurora-Lakewood, CO"
21896,8102,1,2,80220,19740,DENVER,CO,COL,"Denver-Aurora-Lakewood, CO"
21897,8103,1,2,80138,19740,PARKER,CO,COL,"Denver-Aurora-Lakewood, CO"
21899,8105,1,1,80014,19740,AURORA,CO,COL,"Denver-Aurora-Lakewood, CO"
21900,8106,1,2,80016,19740,AURORA,CO,COL,"Denver-Aurora-Lakewood, CO"
21901,8107,1,2,80205,19740,DENVER,CO,COL,"Denver-Aurora-Lakewood, CO"
21902,8108,1,2,80246,19740,DENVER,CO,COL,"Denver-Aurora-Lakewood, CO"
21905,8110,1,1,80214,19740,DENVER,CO,COL,"Denver-Aurora-Lakewood, CO"
21906,8111,1,2,80236,19740,DENVER,CO,COL,"Denver-Aurora-Lakewood, CO"
21907,8112,1,2,80122,19740,LITTLETON,CO,COL,"Denver-Aurora-Lakewood, CO"
21912,8115,1,1,80205,19740,DENVER,CO,COL,"Denver-Aurora-Lakewood, CO"
21918,8119,1,2,80104,19740,CASTLE ROCK,CO,COL,"Denver-Aurora-Lakewood, CO"
21920,8120,1,2,80020,19740,BROOMFIELD,CO,COL,"Denver-Aurora-Lakewood, CO"
21922,8122,1,1,80232,19740,DENVER,CO,COL,"Denver-Aurora-Lakewood, CO"
21923,8123,1,2,80218,19740,DENVER,CO,COL,"Denver-Aurora-Lakewood, CO"
21928,8126,1,2,80516,19740,ERIE,CO,COL,"Denver-Aurora-Lakewood, CO"
21934,8130,1,2,80516,19740,ERIE,CO,COL,"Denver-Aurora-Lakewood, CO"
21937,8132,1,2,80214,19740,DENVER,CO,COL,"Denver-Aurora-Lakewood, CO"
21938,8133,1,2,80031,19740,WESTMINSTER,CO,COL,"Denver-Aurora-Lakewood, CO"
21939,8134,1,2,80231,19740,DENVER,CO,COL,"Denver-Aurora-Lakewood, CO"
21940,8135,1,2,80303,19740,BOULDER,CO,COL,"Denver-Aurora-Lakewood, CO"
21943,8137,1,2,80210,19740,DENVER,CO,COL,"Denver-Aurora-Lakewood, CO"
21945,8139,1,2,80226,19740,DENVER,CO,COL,"Denver-Aurora-Lakewood, CO"
21947,8141,1,1,80204,19740,DENVER,CO,COL,"Denver-Aurora-Lakewood, CO"
21949,8143,1,2,80022,19740,COMMERCE CITY,CO,COL,"Denver-Aurora-Lakewood, CO"
21950,8144,1,2,80033,19740,WHEAT RIDGE,CO,COL,"Denver-Aurora-Lakewood, CO"
21953,8147,1,2,80206,19740,DENVER,CO,COL,"Denver-Aurora-Lakewood, CO"
21958,8150,1,2,80403,19740,GOLDEN,CO,COL,"Denver-Aurora-Lakewood, CO"
21960,8152,1,1,80112,19740,ENGLEWOOD,CO,COL,"Denver-Aurora-Lakewood, CO"
21961,8153,1,1,80260,19740,DENVER,CO,COL,"Denver-Aurora-Lakewood, CO"
21962,8154,1,2,80205,19740,DENVER,CO,COL,"Denver-Aurora-Lakewood, CO"
21963,8155,1,2,80126,19740,LITTLETON,CO,COL,"Denver-Aurora-Lakewood, CO"
21965,8157,1,1,80014,19740,AURORA,CO,COL,"Denver-Aurora-Lakewood, CO"
21966,8158,1,1,80120,19740,LITTLETON,CO,COL,"Denver-Aurora-Lakewood, CO"
21968,8160,1,2,80210,19740,DENVER,CO,COL,"Denver-Aurora-Lakewood, CO"
21971,8163,1,1,80004,19740,ARVADA,CO,COL,"Denver-Aurora-Lakewood, CO"
21972,8164,1,1,80031,19740,WESTMINSTER,CO,COL,"Denver-Aurora-Lakewood, CO"
21976,8168,1,2,80452,19740,IDAHO SPRINGS,CO,COL,"Denver-Aurora-Lakewood, CO"
21977,8169,1,2,80218,19740,DENVER,CO,COL,"Denver-Aurora-Lakewood, CO"
21978,8170,1,2,80241,19740,THORNTON,CO,COL,"Denver-Aurora-Lakewood, CO"
21982,8173,1,2,80206,19740,DENVER,CO,COL,"Denver-Aurora-Lakewood, CO"
21983,8174,1,2,80016,19740,AURORA,CO,COL,"Denver-Aurora-Lakewood, CO"
21985,8176,1,2,80226,19740,DENVER,CO,COL,"Denver-Aurora-Lakewood, CO"
21993,8181,1,1,80045,19740,AURORA,CO,COL,"Denver-Aurora-Lakewood, CO"
21996,8183,1,1,80601,19740,BRIGHTON,CO,COL,"Denver-Aurora-Lakewood, CO"
21998,8185,1,2,80005,19740,ARVADA,CO,COL,"Denver-Aurora-Lakewood, CO"
22000,8187,1,2,80001,19740,ARVADA,CO,COL,"Denver-Aurora-Lakewood, CO"
22001,8188,1,2,80207,19740,DENVER,CO,COL,"Denver-Aurora-Lakewood, CO"
22005,8191,1,1,80214,19740,DENVER,CO,COL,"Denver-Aurora-Lakewood, CO"
22006,8192,1,2,80209,19740,DENVER,CO,COL,"Denver-Aurora-Lakewood, CO"
22007,8193,1,2,80104,19740,CASTLE ROCK,CO,COL,"Denver-Aurora-Lakewood, CO"
22012,8197,1,2,80219,19740,DENVER,CO,COL,"Denver-Aurora-Lakewood, CO"
22013,8198,1,2,80238,19740,DENVER,CO,COL,"Denver-Aurora-Lakewood, CO"
22016,8200,1,1,80011,19740,AURORA,CO,COL,"Denver-Aurora-Lakewood, CO"
22022,8204,1,1,80226,19740,DENVER,CO,COL,"Denver-Aurora-Lakewood, CO"
22028,8209,1,1,80205,19740,DENVER,CO,COL,"Denver-Aurora-Lakewood, CO"
22030,8210,1,2,80516,19740,ERIE,CO,COL,"Denver-Aurora-Lakewood, CO"
22036,8214,1,2,80125,19740,LITTLETON,CO,COL,"Denver-Aurora-Lakewood, CO"
22037,8215,1,2,80134,19740,PARKER,CO,COL,"Denver-Aurora-Lakewood, CO"
22038,8216,1,2,80222,19740,DENVER,CO,COL,"Denver-Aurora-Lakewood, CO"
22041,8218,1,2,80220,19740,DENVER,CO,COL,"Denver-Aurora-Lakewood, CO"
22042,8219,1,2,80125,19740,LITTLETON,CO,COL,"Denver-Aurora-Lakewood, CO"
22043,8220,1,2,80219,19740,DENVER,CO,COL,"Denver-Aurora-Lakewood, CO"
22046,8223,1,2,80216,19740,DENVER,CO,COL,"Denver-Aurora-Lakewood, CO"
22047,8224,1,2,80016,19740,AURORA,CO,COL,"Denver-Aurora-Lakewood, CO"
22048,8225,1,2,80206,19740,DENVER,CO,COL,"Denver-Aurora-Lakewood, CO"
22050,8227,1,2,80219,19740,DENVER,CO,COL,"Denver-Aurora-Lakewood, CO"
22052,8229,1,2,80401,19740,GOLDEN,CO,COL,"Denver-Aurora-Lakewood, CO"
22056,8233,1,2,80022,19740,COMMERCE CITY,CO,COL,"Denver-Aurora-Lakewood, CO"
22058,8235,1,2,80219,19740,DENVER,CO,COL,"Denver-Aurora-Lakewood, CO"
22063,8240,1,2,80134,19740,PARKER,CO,COL,"Denver-Aurora-Lakewood, CO"
22065,8242,1,2,80232,19740,DENVER,CO,COL,"Denver-Aurora-Lakewood, CO"
22066,8243,1,2,80004,19740,ARVADA,CO,COL,"Denver-Aurora-Lakewood, CO"
22069,8246,1,2,80226,19740,DENVER,CO,COL,"Denver-Aurora-Lakewood, CO"
22073,8249,1,2,80014,19740,AURORA,CO,COL,"Denver-Aurora-Lakewood, CO"
22074,8250,1,1,80215,19740,DENVER,CO,COL,"Denver-Aurora-Lakewood, CO"
22075,8251,1,2,80014,19740,AURORA,CO,COL,"Denver-Aurora-Lakewood, CO"
22076,8252,1,1,80010,19740,AURORA,CO,COL,"Denver-Aurora-Lakewood, CO"
22077,8253,1,2,80011,19740,AURORA,CO,COL,"Denver-Aurora-Lakewood, CO"
22078,8254,1,2,80015,19740,AURORA,CO,COL,"Denver-Aurora-Lakewood, CO"
22079,8255,1,2,80021,19740,BROOMFIELD,CO,COL,"Denver-Aurora-Lakewood, CO"
22080,8256,1,2,80227,19740,DENVER,CO,COL,"Denver-Aurora-Lakewood, CO"
22082,8258,1,1,80129,19740,LITTLETON,CO,COL,"Denver-Aurora-Lakewood, CO"
22083,8259,1,1,80022,19740,COMMERCE CITY,CO,COL,"Denver-Aurora-Lakewood, CO"
22084,8260,1,2,80022,19740,COMMERCE CITY,CO,COL,"Denver-Aurora-Lakewood, CO"
22085,8261,1,1,80015,19740,AURORA,CO,COL,"Denver-Aurora-Lakewood, CO"
22087,8262,1,2,80602,19740,BRIGHTON,CO,COL,"Denver-Aurora-Lakewood, CO"
22091,8266,1,2,80123,19740,LITTLETON,CO,COL,"Denver-Aurora-Lakewood, CO"
22092,8267,1,1,80221,19740,DENVER,CO,COL,"Denver-Aurora-Lakewood, CO"
